DateTime	PRE_CLOSE	OPEN	HIGH	LOW	CLOSE	VOLUME	AMT	DEALNUM	CHG	PCT_CHG	SWING	VWAP	ADJFACTOR	CLOSE2	TURN	FREE_TURN	LASTRADEDAY_S	LAST_TRADE_DAY	REL_IPO_CHG	REL_IPO_PCT_CHG	TRADE_STATUS	SUSP_DAYS	SUSP_REASON	MAXUPORDOWN	OPEN3	HIGH3	LOW3	CLOSE3
2014-01-02	12.25	12.12	12.3	12.05	12.23	48991089.0	596223744.4	21528.0	-0.019999999999999574	-0.16326530277729034	2.0408163265306123	12.170044727930012	58.387079	12.23	0.8786217924611524	1.1850139354541092	2014-01-02 00:00:00.005000	2014-01-02 00:00:00.005000	-27.77	1685.184940425	交易	0		0	12.12	12.3	12.05	12.23
2014-01-03	12.23	12.15	12.16	11.78	11.93	55111484.0	656631302.4000001	25975.0	-0.3000000000000007	-2.452984571456909	3.107113654946858	11.914600274599756	58.387079	11.93	0.9883869055712176	1.3330562328091171	2014-01-03 00:00:00.005000	2014-01-03 00:00:00.005000	-28.07	1641.3946311749999	交易	0		0	12.15	12.16	11.78	11.93
2014-01-06	11.93	11.89	12.0	11.5	11.67	58211823.0	679280389.7	24931.0	-0.2599999999999998	-2.17937970161438	4.191114836546522	11.669113844794039	58.387079	11.67	1.0439893725712308	1.4080483384067668	2014-01-06 00:00:00.005000	2014-01-06 00:00:00.005000	-28.33	1603.4430298250002	交易	0		0	11.89	12.0	11.5	11.67
2014-01-07	11.67	11.53	11.76	11.51	11.63	33840749.0	393977581.0	16294.0	-0.03999999999999915	-0.34275922179222107	2.1422450728363325	11.642105823366972	58.387079	11.63	0.6069107699281383	0.818552107531325	2014-01-07 00:00:00.005000	2014-01-07 00:00:00.005000	-28.369999999999997	1597.6043219250002	交易	0		0	11.53	11.76	11.51	11.63
2014-01-08	11.63	11.64	11.95	11.53	11.76	45776816.0	538436179.5	20293.0	0.129999999999999	1.1177988052368164	3.6113499570077376	11.76220249787578	58.387079	11.76	0.8209759968202454	1.1072659536251304	2014-01-08 00:00:00.005000	2014-01-08 00:00:00.005000	-28.240000000000002	1616.5801225999999	交易	0		0	11.64	11.95	11.53	11.76
2014-01-09	11.76	11.69	11.99	11.65	11.82	48551836.0	576870541.4	21297.0	0.0600000000000005	0.5102040767669678	2.891156462585033	11.881539173925368	58.387079	11.82	0.870744089268967	1.1743891272121447	2014-01-09 00:00:00.005000	2014-01-09 00:00:00.005000	-28.18	1625.3381844500002	交易	0		0	11.69	11.99	11.65	11.82
2014-01-10	11.82	11.78	11.95	11.66	11.82	38119765.0	450487728.9	16325.0	0.0	0.0	2.453468697123512	11.817694282742822	58.387079	11.82	0.6836520056228572	0.922054472829453	2014-01-10 00:00:00.005000	2014-01-10 00:00:00.005000	-28.18	1625.3381844500002	交易	0		0	11.78	11.95	11.66	11.82
2014-01-13	11.82	11.8	11.91	11.49	11.6	47887517.0	559375166.9	18279.0	-0.22000000000000064	-1.8612520694732666	3.5532994923857855	11.681022570036362	58.387079	11.6	0.8588299807553554	1.1583203422829722	2014-01-13 00:00:00.005000	2014-01-13 00:00:00.005000	-28.4	1593.225291	交易	0		0	11.8	11.91	11.49	11.6
2014-01-14	11.6	11.57	11.78	11.45	11.72	36242708.0	420715251.8	15009.0	0.120000000000001	1.034482717514038	2.8448275862068972	11.608273084892001	58.387079	11.72	0.649988267593034	0.8766515485825214	2014-01-14 00:00:00.005000	2014-01-14 00:00:00.005000	-28.28	1610.7414147	交易	0		0	11.57	11.78	11.45	11.72
2014-01-15	11.72	11.7	11.74	11.56	11.67	29798809.999999996	346733015.20000005	13405.0	-0.05000000000000071	-0.4266211688518524	1.5358361774744003	11.635800731639957	58.387079	11.67	0.5344213486540237	0.7207842452726303	2014-01-15 00:00:00.005000	2014-01-15 00:00:00.005000	-28.33	1603.4430298250002	交易	0		0	11.7	11.74	11.56	11.67
2014-01-16	11.67	11.66	11.8	11.58	11.69	29959340.000000004	350027736.09999996	14618.0	0.019999999999999574	0.17137961089611053	1.8851756640959778	11.68342614022872	58.387079	11.69	0.5373003447984817	0.724667202172373	2014-01-16 00:00:00.005000	2014-01-16 00:00:00.005000	-28.310000000000002	1606.3623837749997	交易	0		0	11.66	11.8	11.58	11.69
2014-01-17	11.689999999999998	11.62	11.64	11.45	11.48	42351387.0	487423213.8	17516.0	-0.2099999999999973	-1.7964072227478027	1.6253207869974449	11.509025992466315	58.387079	11.48	0.7595432622278705	1.0244104551505273	2014-01-17 00:00:00.005000	2014-01-17 00:00:00.005000	-28.52	1575.7091672999998	交易	0		0	11.62	11.64	11.45	11.48
2014-01-20	11.48	11.48	11.48	11.25	11.3	30721993.0	349154110.8	13159.0	-0.17999999999999972	-1.5679442882537842	2.0034843205574955	11.36495639459328	58.387079	11.3	0.5509780065848092	0.7431145249684814	2014-01-20 00:00:00.005000	2014-01-20 00:00:00.005000	-28.7	1549.4349817500001	交易	0		0	11.48	11.48	11.25	11.3
2014-01-21	11.3	11.32	11.56	11.32	11.36	26579498.0	303578631.5	14923.0	0.05999999999999872	0.5309734344482422	2.123893805309736	11.421533676068675	58.387079	11.36	0.4766851819823318	0.6429143783142812	2014-01-21 00:00:00.005000	2014-01-21 00:00:00.005000	-28.64	1558.1930436	交易	0		0	11.32	11.56	11.32	11.36
2014-01-22	11.36	11.36	11.86	11.35	11.79	61908449.0	723523194.8000001	28778.0	0.4299999999999997	3.7852113246917725	4.489436619718308	11.686986291644942	58.387079	11.79	1.110285840530506	1.4974636466511289	2014-01-22 00:00:00.005000	2014-01-22 00:00:00.005000	-28.21	1620.959153525	交易	0		0	11.36	11.86	11.35	11.79
2014-01-23	11.79	11.77	11.79	11.65	11.7	37553549.0	439497029.3	13913.0	-0.08999999999999986	-0.7633587718009949	1.1874469889736963	11.703208911093862	58.387079	11.7	0.6734973075543945	0.9083586382568211	2014-01-23 00:00:00.005000	2014-01-23 00:00:00.005000	-28.3	1607.8220607499998	交易	0		0	11.77	11.79	11.65	11.7
2014-01-24	11.699999999999998	11.64	11.81	11.57	11.66	48528331.0	567516085.5	19160.0	-0.03999999999999737	-0.34188035130500793	2.0512820512820533	11.694531293482976	58.387079	11.66	0.870322543113261	1.1738205798881027	2014-01-24 00:00:00.005000	2014-01-24 00:00:00.005000	-28.34	1601.98335285	交易	0		0	11.64	11.81	11.57	11.66
2014-01-27	11.66	11.56	11.63	11.35	11.39	44299725.0	508343010.7	25036.0	-0.2699999999999996	-2.3156089782714844	2.401372212692977	11.47508276180044	58.387079	11.39	0.794485376412762	1.0715375496508108	2014-01-27 00:00:00.005000	2014-01-27 00:00:00.005000	-28.61	1562.572074525	交易	0		0	11.56	11.63	11.35	11.39
2014-01-28	11.39	11.45	11.59	11.37	11.5	38968302.0	446213143.2	21051.0	0.10999999999999943	0.9657594561576843	1.9315188762072049	11.45066939791218	58.387079	11.5	0.698869938416913	0.9425791884516843	2014-01-28 00:00:00.005000	2014-01-28 00:00:00.005000	-28.5	1578.6285212499997	交易	0		0	11.45	11.59	11.37	11.5
2014-01-29	11.5	11.54	11.64	11.5	11.56	31210440.999999996	361575338.9	14378.0	0.0600000000000005	0.52173912525177	1.2173913043478313	11.585076253808783	58.387079	11.56	0.5597379885742698	0.7549292794179016	2014-01-29 00:00:00.005000	2014-01-29 00:00:00.005000	-28.439999999999998	1587.3865831	交易	0		0	11.54	11.64	11.5	11.56
2014-01-30	11.56	11.55	11.55	11.38	11.4	29141306.0	332618204.6	12543.0	-0.16000000000000014	-1.3840830326080322	1.470588235294117	11.413977280222102	58.387079	11.4	0.5226294625208052	0.704880303994313	2014-01-30 00:00:00.005000	2014-01-30 00:00:00.005000	-28.6	1564.0317515	交易	0		0	11.55	11.55	11.38	11.4
2014-02-07	11.4	11.32	11.38	11.1	11.38	41875743.0	470138332.5	24050.0	-0.019999999999999574	-0.17543859779834747	2.456140350877203	11.22698485612542	58.387079	11.38	0.7510129112521371	1.0129054084201898	2014-02-07 00:00:00.005000	2014-02-07 00:00:00.005000	-28.619999999999997	1561.11239755	交易	0		0	11.32	11.38	11.1	11.38
2014-02-10	11.38	11.38	11.59	11.35	11.57	58122625.0	670008707.8	26160.0	0.1899999999999995	1.6695958375930786	2.1089630931458716	11.527502548276166	58.387079	11.57	1.0423896672320834	1.4058907853665674	2014-02-10 00:00:00.005000	2014-02-10 00:00:00.005000	-28.43	1588.846260075	交易	0		0	11.38	11.59	11.35	11.57
2014-02-11	11.57	11.53	12.33	11.43	12.0	131046537.99999999	1569553129.6000001	50834.0	0.4299999999999997	3.716508150100708	7.77873811581677	11.977066724189237	58.387079	12.0	2.350230347265571	3.169800404375915	2014-02-11 00:00:00.005000	2014-02-11 00:00:00.005000	-28.0	1651.61237	交易	0		0	11.53	12.33	11.43	12.0
2014-02-12	12.0	11.87	12.2	11.85	11.94	69462197.0	831733266.1999999	27959.0	-0.0600000000000005	-0.5	2.9166666666666634	11.973898064295316	58.387079	11.94	1.2457571628266861	1.6801763976354682	2014-02-12 00:00:00.005000	2014-02-12 00:00:00.005000	-28.060000000000002	1642.85430815	交易	0		0	11.87	12.2	11.85	11.94
2014-02-13	11.94	11.83	12.5	11.8	12.22	121819274.0	1480576860.6	51402.0	0.28000000000000114	2.3450586795806885	5.862646566164148	12.153880186480178	58.387079	12.22	2.1847456560558647	2.9466080514540605	2014-02-13 00:00:00.005000	2014-02-13 00:00:00.005000	-27.78	1683.72526345	交易	0		0	11.83	12.5	11.8	12.22
2014-02-14	12.22	12.11	12.19	11.96	12.08	58233934.0	701905712.7	25798.0	-0.14000000000000057	-1.1456629037857056	1.8821603927986794	12.053207889063446	58.387079	12.08	1.0443859182869857	1.4085831671615803	2014-02-14 00:00:00.005000	2014-02-14 00:00:00.005000	-27.92	1663.2897858	交易	0		0	12.11	12.19	11.96	12.08
2014-02-17	12.08	12.1	12.17	11.87	11.97	60892188.0	727601219.1	27802.0	-0.10999999999999943	-0.9105960130691528	2.4834437086092773	11.949007631323743	58.387079	11.97	1.0920598921048983	1.472881963091114	2014-02-17 00:00:00.005000	2014-02-17 00:00:00.005000	-28.03	1647.2333390750002	交易	0		0	12.1	12.17	11.87	11.97
2014-02-18	11.97	11.91	11.93	11.62	11.66	59606163.0	700246034.6	31624.0	-0.3100000000000005	-2.5898077487945557	2.5898078529657518	11.747879738543144	58.387079	11.66	1.0689959101907618	1.4417751316764793	2014-02-18 00:00:00.005000	2014-02-18 00:00:00.005000	-28.34	1601.98335285	交易	0		0	11.91	11.93	11.62	11.66
2014-02-19	11.66	11.61	12.13	11.61	12.0	98817485.0	1177763499.5	40229.0	0.33999999999999986	2.91595196723938	4.4596912521440935	11.918573919382789	58.387079	12.0	1.7722242466829636	2.390232574571417	2014-02-19 00:00:00.005000	2014-02-19 00:00:00.005000	-28.0	1651.61237	交易	0		0	11.61	12.13	11.61	12.0
2014-02-20	12.0	11.93	12.25	11.75	11.76	76632414.0	919006393.9	33669.0	-0.2400000000000002	-2.0	4.166666666666666	11.992397810931546	58.387079	11.76	1.374350118024629	1.853612163989426	2014-02-20 00:00:00.005000	2014-02-20 00:00:00.005000	-28.240000000000002	1616.5801225999999	交易	0		0	11.93	12.25	11.75	11.76
2014-02-21	11.76	11.82	11.84	11.58	11.6	47999662.0	559681277.0	21361.0	-0.16000000000000014	-1.360544204711914	2.210884353741495	11.660108710765504	58.387079	11.6	0.860841224900501	1.1610329455441797	2014-02-21 00:00:00.005000	2014-02-21 00:00:00.005000	-28.4	1593.225291	交易	0		0	11.82	11.84	11.58	11.6
2014-02-24	11.6	11.45	11.48	11.14	11.16	66782028.0	750803477.0	35011.0	-0.4399999999999995	-3.7931034564971924	2.9310344827586197	11.242597739020445	58.387079	11.16	1.1976901584194395	1.6153475138690327	2014-02-24 00:00:00.005000	2014-02-24 00:00:00.005000	-28.84	1528.9995041000002	交易	0		0	11.45	11.48	11.14	11.16
2014-02-25	11.16	11.17	11.35	11.0	11.02	54838742.00000001	611611816.3	27765.0	-0.14000000000000057	-1.254480242729187	3.1362007168458743	11.152914782399638	58.387079	11.02	0.9834954636822767	1.326459052028269	2014-02-25 00:00:00.005000	2014-02-25 00:00:00.005000	-28.98	1508.56402645	交易	0		0	11.17	11.35	11.0	11.02
2014-02-26	11.02	11.03	11.22	11.0	11.11	40793776.0	453164476.7	18380.0	0.08999999999999986	0.8166969418525696	1.9963702359346702	11.108667084410131	58.387079	11.11	0.7316085704969476	0.9867344046953802	2014-02-26 00:00:00.005000	2014-02-26 00:00:00.005000	-28.89	1521.7011192249997	交易	0		0	11.03	11.22	11.0	11.11
2014-02-27	11.11	11.15	11.35	11.01	11.24	55508601.0	621811164.0	23759.0	0.13000000000000078	1.1701170206069946	3.0603060306030594	11.202068738860849	58.387079	11.24	0.995508928320228	1.342661840453514	2014-02-27 00:00:00.005000	2014-02-27 00:00:00.005000	-28.759999999999998	1540.6769199000003	交易	0		0	11.15	11.35	11.01	11.24
2014-02-28	11.24	11.17	11.24	10.88	11.13	44623752.0	493549146.3	20765.0	-0.10999999999999943	-0.9786477088928223	3.2028469750889625	11.060234161842779	58.387079	11.13	0.8002965798245867	1.0793752303046005	2014-02-28 00:00:00.005000	2014-02-28 00:00:00.005000	-28.869999999999997	1524.6204731750001	交易	0		0	11.17	11.24	10.88	11.13
2014-03-03	11.13	11.02	11.08	10.93	11.04	42743198.0	470295898.6	21496.0	-0.09000000000000163	-0.808625340461731	1.3477088948787093	11.002824323065392	58.387079	11.04	0.7665701254830637	1.0338877193743174	2014-03-03 00:00:00.005000	2014-03-03 00:00:00.005000	-28.96	1511.4833804	交易	0		0	11.02	11.08	10.93	11.04
2014-03-04	11.04	10.99	11.02	10.8	10.98	52758525.0	575054312.5	24968.0	-0.05999999999999872	-0.54347825050354	1.9927536231883956	10.899742032211856	58.387079	10.98	0.946188189511495	1.2761420212358212	2014-03-04 00:00:00.005000	2014-03-04 00:00:00.005000	-29.02	1502.72531855	交易	0		0	10.99	11.02	10.8	10.98
2014-03-05	10.98	10.89	10.98	10.63	10.7	53301668.99999999	575251307.8	25499.0	-0.28000000000000114	-2.550091028213501	3.1876138433515444	10.792369518485435	58.387079	10.7	0.9559291069841502	1.2892797820428585	2014-03-05 00:00:00.005000	2014-03-05 00:00:00.005000	-29.3	1461.8543632499998	交易	0		0	10.89	10.98	10.63	10.7
2014-03-06	10.7	10.71	10.85	10.51	10.77	52738264.0	564310352.1999999	23911.0	0.07000000000000028	0.6542056202888489	3.177570093457943	10.700207200601065	58.387079	10.77	0.9458248222849152	1.2756519409408877	2014-03-06 00:00:00.005000	2014-03-06 00:00:00.005000	-29.23	1472.072102075	交易	0		0	10.71	10.85	10.51	10.77
2014-03-07	10.77	10.75	10.94	10.72	10.8	48865432.0	529718065.70000005	22349.0	0.030000000000001137	0.27855151891708374	2.0427112349117813	10.840343449741733	58.387079	10.8	0.8763682198048006	1.1819744991172816	2014-03-07 00:00:00.005000	2014-03-07 00:00:00.005000	-29.2	1476.451133	交易	0		0	10.75	10.94	10.72	10.8
2014-03-10	10.8	10.7	10.72	10.25	10.31	54432074.0	567573141.4	27432.0	-0.4900000000000002	-4.537036895751953	4.351851851851857	10.427181984651181	58.387079	10.31	0.9762021502575312	1.316622421389108	2014-03-10 00:00:00.005000	2014-03-10 00:00:00.005000	-29.689999999999998	1404.926961225	交易	0		0	10.7	10.72	10.25	10.31
2014-03-11	10.31	10.31	10.39	10.1	10.24	45078939.0	462135333.8	20696.0	-0.07000000000000028	-0.6789524555206299	2.812803103782744	10.25169056884857	58.387079	10.24	0.8084600484473196	1.0903854558220931	2014-03-11 00:00:00.005000	2014-03-11 00:00:00.005000	-29.759999999999998	1394.7092223999998	交易	0		0	10.31	10.39	10.1	10.24
2014-03-12	10.24	10.27	10.48	10.18	10.35	51510718.0	532491158.1999999	21227.0	0.10999999999999943	1.07421875	2.929687500000007	10.337482739029184	58.387079	10.35	0.9238096213807565	1.2459596204372354	2014-03-12 00:00:00.005000	2014-03-12 00:00:00.005000	-29.65	1410.765669125	交易	0		0	10.27	10.48	10.18	10.35
2014-03-13	10.35	10.48	10.79	10.37	10.56	62662521.0	663461516.1999999	27453.0	0.21000000000000085	2.0289855003356934	4.057971014492753	10.58785228573871	58.387079	10.56	1.1238096079300175	1.5157034091584647	2014-03-13 00:00:00.005000	2014-03-13 00:00:00.005000	-29.439999999999998	1441.4188856	交易	0		0	10.48	10.79	10.37	10.56
2014-03-14	10.56	10.43	10.53	10.27	10.32	45039250.0	466403744.0	20406.0	-0.2400000000000002	-2.2727272510528564	2.46212121212121	10.355495351276941	58.387079	10.32	0.8077482532814478	1.0894254441333502	2014-03-14 00:00:00.005000	2014-03-14 00:00:00.005000	-29.68	1406.3866382	交易	0		0	10.43	10.53	10.27	10.32
2014-03-17	10.32	10.41	10.5	10.34	10.47	37297944.0	388751064.5	14772.0	0.15000000000000036	1.4534883499145508	1.5503875968992262	10.422855064075382	58.387079	10.47	0.6689132060811239	0.9021759733446011	2014-03-17 00:00:00.005000	2014-03-17 00:00:00.005000	-29.53	1428.2817928250001	交易	0		0	10.41	10.5	10.34	10.47
2014-03-18	10.47	10.47	10.51	10.33	10.38	43181485.0	449377638.5	16811.0	-0.08999999999999986	-0.8595988750457764	1.719197707736387	10.406720345536982	58.387079	10.38	0.7744305041236043	1.0444891616637177	2014-03-18 00:00:00.005000	2014-03-18 00:00:00.005000	-29.619999999999997	1415.1447000500002	交易	0		0	10.47	10.51	10.33	10.38
2014-03-19	10.38	10.35	10.35	10.15	10.24	36302890.0	370332008.7	19965.0	-0.14000000000000057	-1.3487476110458374	1.9267822736030757	10.201171551355829	58.387079	10.24	0.6510675907473712	0.8781072522649502	2014-03-19 00:00:00.005000	2014-03-19 00:00:00.005000	-29.759999999999998	1394.7092223999998	交易	0		0	10.35	10.35	10.15	10.24
2014-03-20	10.24	10.22	10.29	10.05	10.1	45488151.0	462702984.6	19764.0	-0.14000000000000057	-1.3671875	2.343749999999985	10.171945318243425	58.387079	10.1	0.81579898677826	1.1002836216406777	2014-03-20 00:00:00.005000	2014-03-20 00:00:00.005000	-29.9	1374.2737447499999	交易	0		0	10.22	10.29	10.05	10.1
2014-03-21	10.1	10.07	10.94	10.03	10.79	125181194.0	1316754803.2	52944.0	0.6899999999999995	6.831683158874512	9.009900990099013	10.518790891226041	58.387079	10.79	2.2450394000163425	3.0279273715835204	2014-03-21 00:00:00.005000	2014-03-21 00:00:00.005000	-29.21	1474.991456025	交易	0		0	10.07	10.94	10.03	10.79
2014-03-24	10.79	10.77	10.93	10.63	10.79	84253869.0	908755215.1	29466.0	0.0	0.0	2.7803521779425298	10.78591672864305	58.387079	10.79	1.511035719221655	2.0379626360403007	2014-03-24 00:00:00.005000	2014-03-24 00:00:00.005000	-29.21	1474.991456025	交易	0		0	10.77	10.93	10.63	10.79
2014-03-25	10.79	10.77	10.81	10.56	10.6	41575437.0	444839368.59999996	18724.0	-0.1899999999999995	-1.7608897686004639	2.3169601482854496	10.699571687003553	58.387079	10.6	0.7456271278088085	1.0056414997754874	2014-03-25 00:00:00.005000	2014-03-25 00:00:00.005000	-29.4	1447.2575935	交易	0		0	10.77	10.81	10.56	10.6
2014-03-26	10.6	10.66	10.75	10.54	10.7	36020600.0	383229644.7	15667.0	0.09999999999999964	0.9433962106704712	1.9811320754717059	10.639179933149364	58.387079	10.7	0.6460049119856508	0.8712791210544082	2014-03-26 00:00:00.005000	2014-03-26 00:00:00.005000	-29.3	1461.8543632499998	交易	0		0	10.66	10.75	10.54	10.7
2014-03-27	10.7	10.64	11.03	10.52	10.77	80313368.0	867999448.5	32366.0	0.07000000000000028	0.6542056202888489	4.766355140186914	10.807658427423938	58.387079	10.77	1.4403655193447966	1.9426483923077136	2014-03-27 00:00:00.005000	2014-03-27 00:00:00.005000	-29.23	1472.072102075	交易	0		0	10.64	11.03	10.52	10.77
2014-03-28	10.77	10.7	10.96	10.67	10.78	53264990.0	576611629.1	19300.0	0.009999999999999787	0.09285051375627518	2.6926648096564616	10.825340042305463	58.387079	10.78	0.9552712941168822	1.2883925773077585	2014-03-28 00:00:00.005000	2014-03-28 00:00:00.005000	-29.22	1473.53177905	交易	0		0	10.7	10.96	10.67	10.78
2014-03-31	10.78	10.85	10.94	10.67	10.77	32113078.000000004	346029606.5	12587.0	-0.009999999999999787	-0.09276437759399414	2.504638218923929	10.775348488861765	58.387079	10.77	0.5759261679977108	0.776762585137162	2014-03-31 00:00:00.005000	2014-03-31 00:00:00.005000	-29.23	1472.072102075	交易	0		0	10.85	10.94	10.67	10.77
2014-04-01	10.77	10.72	10.89	10.7	10.8	28124287.0	303939597.8	12472.0	0.030000000000001137	0.27855151891708374	1.7641597028783775	10.807015224954858	58.387079	10.8	0.5043899198817949	0.6802802856599257	2014-04-01 00:00:00.005000	2014-04-01 00:00:00.005000	-29.2	1476.451133	交易	0		0	10.72	10.89	10.7	10.8
2014-04-02	10.8	10.79	11.01	10.73	10.91	46039729.0	500530404.5	17225.0	0.10999999999999943	1.0185185670852661	2.592592592592586	10.87170614101573	58.387079	10.91	0.8256911622929161	1.1136253870480544	2014-04-02 00:00:00.005000	2014-04-02 00:00:00.005000	-29.09	1492.507579725	交易	0		0	10.79	11.01	10.73	10.91
2014-04-03	10.91	10.96	11.02	10.76	10.77	45365089.0	494227824.1	18078.0	-0.14000000000000057	-1.2832263708114624	2.3831347387717674	10.894452871017183	58.387079	10.77	0.8135919536783456	1.0973069540894655	2014-04-03 00:00:00.005000	2014-04-03 00:00:00.005000	-29.23	1472.072102075	交易	0		0	10.96	11.02	10.76	10.77
2014-04-04	10.77	10.7	10.82	10.59	10.79	34209026.0	366585734.40000004	16980.0	0.019999999999999574	0.18570102751255035	2.1355617455896048	10.716052962162678	58.387079	10.79	0.6135155669323897	0.827460122968729	2014-04-04 00:00:00.005000	2014-04-04 00:00:00.005000	-29.21	1474.991456025	交易	0		0	10.7	10.82	10.59	10.79
2014-04-08	10.79	10.78	11.49	10.78	11.28	134292058.0	1503024029.1	49381.0	0.4900000000000002	4.5412421226501465	6.580166821130684	11.19220340714415	58.387079	11.28	2.4084365365558016	3.248304199786445	2014-04-08 00:00:00.005000	2014-04-08 00:00:00.005000	-28.72	1546.5156278	交易	0		0	10.78	11.49	10.78	11.28
2014-04-09	11.28	11.27	11.35	11.16	11.19	55734652.0	626176133.2	17724.0	-0.08999999999999986	-0.7978723645210266	1.6843971631205632	11.234951878770142	58.387079	11.19	0.99956299894535	1.348129642672063	2014-04-09 00:00:00.005000	2014-04-09 00:00:00.005000	-28.810000000000002	1533.378535025	交易	0		0	11.27	11.35	11.16	11.19
2014-04-10	11.19	11.21	11.6	11.16	11.36	77006827.0	876017998.4000001	28829.0	0.16999999999999993	1.5192135572433472	3.9320822162645173	11.37584851275589	58.387079	11.36	1.3810649600070302	1.8626685991834913	2014-04-10 00:00:00.005000	2014-04-10 00:00:00.005000	-28.64	1558.1930436	交易	0		0	11.21	11.6	11.16	11.36
2014-04-11	11.36	11.34	11.5	11.25	11.4	59325527.0	674562210.1	21928.0	0.040000000000000924	0.35211268067359924	2.200704225352113	11.370522003116804	58.387079	11.4	1.0639628947917954	1.4349870080079055	2014-04-11 00:00:00.005000	2014-04-11 00:00:00.005000	-28.6	1564.0317515	交易	0		0	11.34	11.5	11.25	11.4
2014-04-14	11.4	11.35	11.45	11.19	11.28	42174131.0	476278763.7	19334.0	-0.120000000000001	-1.0526316165924072	2.280701754385963	11.293149435610184	58.387079	11.28	0.7563642966726347	1.0201229237967573	2014-04-14 00:00:00.005000	2014-04-14 00:00:00.005000	-28.72	1546.5156278	交易	0		0	11.35	11.45	11.19	11.28
2014-04-15	11.28	11.21	11.23	10.91	10.97	53468878.0	589940428.5	26333.0	-0.3099999999999987	-2.7482268810272217	2.8368794326241167	11.03334220890141	58.387079	10.97	0.9589278864416889	1.293324292976946	2014-04-15 00:00:00.005000	2014-04-15 00:00:00.005000	-29.03	1501.2656415750002	交易	0		0	11.21	11.23	10.91	10.97
2014-04-16	10.97	10.93	11.13	10.86	10.99	37664608.0	414021992.5	13556.0	0.019999999999999574	0.1823154091835022	2.4612579762990094	10.992335098774957	58.387079	10.99	0.6754890750296785	0.9110449729626612	2014-04-16 00:00:00.005000	2014-04-16 00:00:00.005000	-29.009999999999998	1504.184995525	交易	0		0	10.93	11.13	10.86	10.99
2014-04-17	10.99	11.02	11.08	10.83	10.9	30488525.0	333305064.8	12944.0	-0.08999999999999986	-0.8189262747764587	2.2747952684258417	10.93214790810641	58.387079	10.9	0.5467909171195736	0.7374673177083488	2014-04-17 00:00:00.005000	2014-04-17 00:00:00.005000	-29.1	1491.0479027499998	交易	0		0	11.02	11.08	10.83	10.9
2014-04-18	10.9	10.85	10.88	10.72	10.8	32354412.0	349102661.4	15401.0	-0.09999999999999964	-0.9174311757087708	1.467889908256882	10.789955366829105	58.387079	10.8	0.5802543288120543	0.7826000580110326	2014-04-18 00:00:00.005000	2014-04-18 00:00:00.005000	-29.2	1476.451133	交易	0		0	10.85	10.88	10.72	10.8
2014-04-21	10.8	10.75	10.9	10.67	10.69	29815603.000000004	321959257.90000004	12778.0	-0.11000000000000121	-1.0185185670852661	2.1296296296296333	10.798348029385822	58.387079	10.69	0.5347225196641396	0.7211904403465568	2014-04-21 00:00:00.005000	2014-04-21 00:00:00.005000	-29.310000000000002	1460.394686275	交易	0		0	10.75	10.9	10.67	10.69
2014-04-22	10.69	10.71	11.18	10.68	11.06	52328164.0	569433683.3000001	20464.0	0.370000000000001	3.461178779602051	4.677268475210478	10.881973296445105	58.387079	11.06	0.9384699582791708	1.2657322958615607	2014-04-22 00:00:00.005000	2014-04-22 00:00:00.005000	-28.939999999999998	1514.40273435	交易	0		0	10.71	11.18	10.68	11.06
2014-04-23	11.06	11.08	11.45	11.08	11.3	119102811.00000001	1346115072.1	40508.0	0.2400000000000002	2.1699819564819336	3.3453887884267566	11.302126799509374	58.387079	11.3	2.136027743493962	2.880901275469851	2014-04-23 00:00:00.005000	2014-04-23 00:00:00.005000	-28.7	1549.4349817500001	交易	0		0	11.08	11.45	11.08	11.3
2014-04-24	11.3	11.42	11.45	11.12	11.23	63400485.0	712292439.0999999	21013.0	-0.07000000000000028	-0.6194690465927124	2.9203539823008855	11.23481057124405	58.387079	11.23	1.1370444893275673	1.5335535456162084	2014-04-24 00:00:00.005000	2014-04-24 00:00:00.005000	-28.77	1539.2172429250004	交易	0		0	11.42	11.45	11.12	11.23
2014-04-25	11.23	11.23	11.52	11.11	11.25	71433523.0	810796667.0999999	29881.0	0.019999999999999574	0.17809438705444336	3.650934995547641	11.350366509292842	58.387079	11.25	1.2811115511246332	1.7278595340793839	2014-04-25 00:00:00.005000	2014-04-25 00:00:00.005000	-28.75	1542.1365968750004	交易	0		0	11.23	11.52	11.11	11.25
2014-04-28	11.25	11.25	11.28	10.96	11.03	52604503.0	582533600.6999999	20590.0	-0.22000000000000064	-1.9555555582046509	2.8444444444444312	11.073835270337977	58.387079	11.03	0.9434259099116589	1.2724164821614294	2014-04-28 00:00:00.005000	2014-04-28 00:00:00.005000	-28.97	1510.023703425	交易	0		0	11.25	11.28	10.96	11.03
2014-04-29	11.03	11.02	11.25	10.92	11.16	41362159.0	458216051.7	17145.0	0.13000000000000078	1.1786037683486938	2.9918404351767913	11.07814637287188	58.387079	11.16	0.7418021322335412	1.0004826554369632	2014-04-29 00:00:00.005000	2014-04-29 00:00:00.005000	-28.84	1528.9995041000002	交易	0		0	11.02	11.25	10.92	11.16
2014-04-30	11.16	11.18	11.22	11.09	11.14	25959642.0	289386165.90000004	11216.0	-0.019999999999999574	-0.17921146750450134	1.1648745519713333	11.147540705684618	58.387079	11.14	0.4655684870709817	0.6279210802886988	2014-04-30 00:00:00.005000	2014-04-30 00:00:00.005000	-28.86	1526.0801501500002	交易	0		0	11.18	11.22	11.09	11.14
2014-05-05	11.14	11.1	11.11	10.83	10.99	40327050.0	440413671.6	17542.0	-0.15000000000000036	-1.3464990854263306	2.513464991023333	10.921048566656872	58.387079	10.99	0.7232381577733558	0.9754450697300203	2014-05-05 00:00:00.005000	2014-05-05 00:00:00.005000	-29.009999999999998	1504.184995525	交易	0		0	11.1	11.11	10.83	10.99
2014-05-06	10.99	10.92	11.09	10.9	10.95	26777090.999999996	294197723.9	11109.0	-0.040000000000000924	-0.36396723985671997	1.728844404003635	10.986918776950043	58.387079	10.95	0.4802288777723513	0.6476938282780936	2014-05-06 00:00:00.005000	2014-05-06 00:00:00.005000	-29.05	1498.3462876249998	交易	0		0	10.92	11.09	10.9	10.95
2014-05-07	10.95	10.91	10.95	10.85	10.85	24191029.0	263547089.5	11449.0	-0.09999999999999964	-0.913241982460022	0.9132420091324169	10.894414185523072	58.387079	10.85	0.4338496182736358	0.5851412381948579	2014-05-07 00:00:00.005000	2014-05-07 00:00:00.005000	-29.15	1483.7495178749998	交易	0		0	10.91	10.95	10.85	10.85
2014-05-08	10.849999999999998	10.83	11.15	10.81	10.93	37962091.0	418459589.3	14477.0	0.08000000000000185	0.7373272180557251	3.133640552995391	11.02309114900968	58.387079	10.93	0.680824229891958	0.9182405978764223	2014-05-08 00:00:00.005000	2014-05-08 00:00:00.005000	-29.07	1495.4269336749999	交易	0		0	10.83	11.15	10.81	10.93
2014-05-09	10.93	10.93	11.13	10.9	11.05	32191490.000000004	354936715.29999995	11895.0	0.120000000000001	1.0978957414627075	2.1043000914913126	11.025793316805153	58.387079	11.05	0.5773324337778093	0.7786592425620832	2014-05-09 00:00:00.005000	2014-05-09 00:00:00.005000	-28.95	1512.943057375	交易	0		0	10.93	11.13	10.9	11.05
2014-05-12	11.049999999999999	11.15	11.4	11.02	11.34	60199193.99999999	678608670.8	24165.0	0.2900000000000009	2.624434471130371	3.4389140271493286	11.272720209509782	58.387079	11.34	1.0796315170090756	1.456119577033803	2014-05-12 00:00:00.005000	2014-05-12 00:00:00.005000	-28.66	1555.27368965	交易	0		0	11.15	11.4	11.02	11.34
2014-05-13	11.34	11.33	11.36	11.19	11.23	30583330.0	344109433.5	11870.0	-0.10999999999999943	-0.9700176119804382	1.499118165784832	11.251535836679656	58.387079	11.23	0.5484911801823987	0.7397604948645196	2014-05-13 00:00:00.005000	2014-05-13 00:00:00.005000	-28.77	1539.2172429250004	交易	0		0	11.33	11.36	11.19	11.23
2014-05-14	11.23	11.21	11.44	11.21	11.31	41612180.0	471890560.1	16664.0	0.08000000000000007	0.7123775482177734	2.0480854853072006	11.34020279879593	58.387079	11.31	0.746286088472459	1.006530252565416	2014-05-14 00:00:00.005000	2014-05-14 00:00:00.005000	-28.689999999999998	1550.8946587250002	交易	0		0	11.21	11.44	11.21	11.31
2014-05-15	11.31	11.3	11.35	11.15	11.19	31262755.0	351067758.5	10871.0	-0.120000000000001	-1.0610079765319824	1.7683465959327964	11.229584804666127	58.387079	11.19	0.5606762045108622	0.7561946691098789	2014-05-15 00:00:00.005000	2014-05-15 00:00:00.005000	-28.810000000000002	1533.378535025	交易	0		0	11.3	11.35	11.15	11.19
2014-05-16	11.19	11.19	11.34	11.18	11.27	31177309.999999996	351626475.5	10733.0	0.08000000000000007	0.7149240374565125	1.4298480786416456	11.278281400800775	58.387079	11.27	0.5591438066689435	0.7541278949723438	2014-05-16 00:00:00.005000	2014-05-16 00:00:00.005000	-28.73	1545.0559508249999	交易	0		0	11.19	11.34	11.18	11.27
2014-05-19	11.269999999999998	11.27	11.28	11.14	11.27	26110555.0	292426266.8	10831.0	1.7763568394002505e-15	0.0	1.2422360248447097	11.1995423613171	58.387079	11.27	0.46827500887468543	0.6315714177621357	2014-05-19 00:00:00.005000	2014-05-19 00:00:00.005000	-28.73	1545.0559508249999	交易	0		0	11.27	11.28	11.14	11.27
2014-05-20	11.269999999999998	11.25	11.34	11.17	11.24	20576600.0	231625054.1	8021.0	-0.029999999999997584	-0.2661934196949005	1.5084294587400173	11.256721426280338	58.387079	11.24	0.36902729748987917	0.49771414030549566	2014-05-20 00:00:00.005000	2014-05-20 00:00:00.005000	-28.759999999999998	1540.6769199000003	交易	0		0	11.25	11.34	11.17	11.24
2014-05-21	11.24	11.2	11.38	11.08	11.33	26316828.999999996	297218362.59999996	11900.0	0.08999999999999986	0.8007117509841919	2.669039145907479	11.293851649072158	58.387079	11.33	0.47197439248336837	0.6365608468503899	2014-05-21 00:00:00.005000	2014-05-21 00:00:00.005000	-28.67	1553.8140126750002	交易	0		0	11.2	11.38	11.08	11.33
2014-05-22	11.33	11.33	11.66	11.29	11.39	61914166.0	713100717.0	26788.0	0.0600000000000005	0.529567539691925	3.265666372462498	11.51756961403631	58.387079	11.39	1.1103883710292157	1.4976019314863362	2014-05-22 00:00:00.005000	2014-05-22 00:00:00.005000	-28.61	1562.572074525	交易	0		0	11.33	11.66	11.29	11.39
2014-05-23	11.39	11.4	11.61	11.36	11.58	41535649.0	478107230.2	18269.0	0.1899999999999995	1.6681299209594727	2.194907813871817	11.510768260777628	58.387079	11.58	0.744913557145408	1.0046790934394323	2014-05-23 00:00:00.005000	2014-05-23 00:00:00.005000	-28.42	1590.30593705	交易	0		0	11.4	11.61	11.36	11.58
2014-05-26	11.58	11.65	11.65	11.46	11.58	31598919.0	365020286.7	12755.0	0.0	0.0	1.640759930915367	11.551670065042414	58.387079	11.58	0.5667050767459928	0.7643259238488376	2014-05-26 00:00:00.005000	2014-05-26 00:00:00.005000	-28.42	1590.30593705	交易	0		0	11.65	11.65	11.46	11.58
2014-05-27	11.58	11.53	11.7	11.5	11.58	28440770.0	329865261.6	11952.0	0.0	0.0	1.7271157167530162	11.598323870978177	58.387079	11.58	0.51006582679506	0.6879354893508322	2014-05-27 00:00:00.005000	2014-05-27 00:00:00.005000	-28.42	1590.30593705	交易	0		0	11.53	11.7	11.5	11.58
2014-05-28	11.58	11.57	11.63	11.39	11.6	42703763.0	491816863.20000005	16763.0	0.019999999999999574	0.1727115660905838	2.072538860103629	11.516944377946272	58.387079	11.6	0.7658628856340841	1.0329338515281745	2014-05-28 00:00:00.005000	2014-05-28 00:00:00.005000	-28.4	1593.225291	交易	0		0	11.57	11.63	11.39	11.6
2014-05-29	11.6	11.59	11.74	11.49	11.5	36223849.0	420664543.8	14323.0	-0.09999999999999964	-0.8620689511299133	2.1551724137931036	11.61291677756276	58.387079	11.5	0.6496500442809532	0.8761953803636698	2014-05-29 00:00:00.005000	2014-05-29 00:00:00.005000	-28.5	1578.6285212499997	交易	0		0	11.59	11.74	11.49	11.5
2014-05-30	11.5	11.49	11.62	11.46	11.5	31877309.000000004	367350852.4	8966.0	0.0	0.0	1.391304347826073	11.523897842192387	58.387079	11.5	0.571697811665669	0.7710597204682814	2014-05-30 00:00:00.005000	2014-05-30 00:00:00.005000	-28.5	1578.6285212499997	交易	0		0	11.49	11.62	11.46	11.5
2014-06-03	11.5	11.5	11.69	11.5	11.51	27811387.0	322371185.0	10119.0	0.009999999999999787	0.08695652335882187	1.652173913043474	11.591337929316506	58.387079	11.51	0.49877827163161836	0.6727117488510462	2014-06-03 00:00:00.005000	2014-06-03 00:00:00.005000	-28.490000000000002	1580.0881982249998	交易	0		0	11.5	11.69	11.5	11.51
2014-06-04	11.51	11.51	11.52	11.25	11.33	32388974.0	367011924.5	14985.0	-0.17999999999999972	-1.5638575553894043	2.3457862728062517	11.331384702090286	58.387079	11.33	0.5808741747271153	0.7834360559950161	2014-06-04 00:00:00.005000	2014-06-04 00:00:00.005000	-28.67	1553.8140126750002	交易	0		0	11.51	11.52	11.25	11.33
2014-06-05	11.33	11.3	11.44	11.29	11.43	24629125.0	280049638.90000004	9642.0	0.09999999999999964	0.8826125264167786	1.323918799646958	11.370669437099371	58.387079	11.43	0.441706571459348	0.59573806050813	2014-06-05 00:00:00.005000	2014-06-05 00:00:00.005000	-28.57	1568.410782425	交易	0		0	11.3	11.44	11.29	11.43
2014-06-06	11.43	11.44	11.48	11.29	11.38	18643555.0	212129090.6	10865.0	-0.049999999999998934	-0.4374453127384186	1.662292213473327	11.378145992006353	58.387079	11.38	0.33436063367409935	0.4509591063395284	2014-06-06 00:00:00.005000	2014-06-06 00:00:00.005000	-28.619999999999997	1561.11239755	交易	0		0	11.44	11.48	11.29	11.38
2014-06-09	11.38	11.35	11.54	11.32	11.48	31352202.0	359580582.9	12805.0	0.09999999999999964	0.8787346482276917	1.9332161687170373	11.469069473971876	58.387079	11.48	0.5622823612663124	0.7583618572582523	2014-06-09 00:00:00.005000	2014-06-09 00:00:00.005000	-28.52	1575.7091672999998	交易	0		0	11.35	11.54	11.32	11.48
2014-06-10	11.48	11.52	11.75	11.47	11.75	62198265.0	723590246.5	24009.0	0.2699999999999996	2.3519163131713867	2.4390243902438966	11.633608212383416	58.387079	11.75	1.1154874324574662	1.5044809855346348	2014-06-10 00:00:00.005000	2014-06-10 00:00:00.005000	-28.25	1615.120445625	交易	0		0	11.52	11.75	11.47	11.75
2014-06-11	11.75	11.68	11.84	11.63	11.78	43323327.0	509141980.3	16034.0	0.02999999999999936	0.25531914830207825	1.7872340425531836	11.752144065482321	58.387079	11.78	0.7769770877169198	1.047925078000154	2014-06-11 00:00:00.005000	2014-06-11 00:00:00.005000	-28.22	1619.4994765499998	交易	0		0	11.68	11.84	11.63	11.78
2014-06-12	9.680000051510339	9.62	9.77	9.6	9.71	36744198.0	355905016.7	16661.0	0.02999994848966203	0.30991682410240173	1.756198337762151	9.686019455370886	71.053697	9.71	0.5491537301761078	0.740655000819974	2014-06-12 00:00:00.005000	2014-06-12 00:00:00.005000	-30.29	1624.828494675	交易	0		0	9.62	9.77	9.6	9.71
2014-06-13	9.71	9.7	10.38	9.68	10.12	123950476.0	1246107219.1000001	42850.0	0.40999999999999837	4.222451210021973	7.209062821833172	10.053266912020574	71.053697	10.12	1.8524793016983014	2.4984771719174867	2014-06-13 00:00:00.005000	2014-06-13 00:00:00.005000	-29.880000000000003	1697.6585340999995	交易	0		0	9.7	10.38	9.68	10.12
2014-06-16	10.12	10.06	10.24	10.02	10.13	87818234.0	889629939.3	27662.0	0.010000000000001563	0.0988142266869545	2.1739130434782674	10.130355608153085	71.053697	10.13	1.3124714486509759	1.7701574048582764	2014-06-16 00:00:00.005000	2014-06-16 00:00:00.005000	-29.869999999999997	1699.4348765250002	交易	0		0	10.06	10.24	10.02	10.13
2014-06-17	10.13	10.05	10.18	9.98	10.04	54184787.0	546274869.3000001	20483.0	-0.09000000000000163	-0.8884501457214355	1.9743336623889367	10.08170188617702	71.053697	10.04	0.8098088819314514	1.0922059983433337	2014-06-17 00:00:00.005000	2014-06-17 00:00:00.005000	-29.96	1683.4477947	交易	0		0	10.05	10.18	9.98	10.04
2014-06-18	10.04	10.04	10.06	9.81	9.86	53855012.0	534087759.2	22618.0	-0.17999999999999972	-1.7928286790847778	2.49003984063745	9.917141216123023	71.053697	9.86	0.8048802896304621	1.0855587039080214	2014-06-18 00:00:00.005000	2014-06-18 00:00:00.005000	-30.14	1651.4736310499998	交易	0		0	10.04	10.06	9.81	9.86
2014-06-19	9.86	9.86	9.94	9.68	9.78	48308104.0	474545263.6	22496.0	-0.08000000000000007	-0.8113590478897095	2.6369168356997954	9.823305497562066	71.053697	9.78	0.7219799846858912	0.973749346978029	2014-06-19 00:00:00.005000	2014-06-19 00:00:00.005000	-30.22	1637.2628916499998	交易	0		0	9.86	9.94	9.68	9.78
2014-06-20	9.78	9.77	9.85	9.74	9.85	37207089.0	364389996.8	13693.0	0.07000000000000028	0.7157464027404785	1.1247443762781129	9.7935637157747	71.053697	9.85	0.5560717834512112	0.7499855224436752	2014-06-20 00:00:00.005000	2014-06-20 00:00:00.005000	-30.15	1649.6972886249998	交易	0		0	9.77	9.85	9.74	9.85
2014-06-23	9.85	9.85	9.95	9.76	9.77	43085977.0	423339306.4	16084.0	-0.08000000000000007	-0.8121827244758606	1.9289340101522792	9.825454495322225	71.053697	9.77	0.6439336351233461	0.8684866201261049	2014-06-23 00:00:00.005000	2014-06-23 00:00:00.005000	-30.23	1635.4865492249999	交易	0		0	9.85	9.95	9.76	9.77
2014-06-24	9.77	9.78	9.85	9.76	9.8	28459321.000000004	279235066.40000004	11964.0	0.030000000000001137	0.30706244707107544	0.921187308085976	9.81172623197862	71.053697	9.8	0.42533360737467285	0.5736562386962674	2014-06-24 00:00:00.005000	2014-06-24 00:00:00.005000	-30.2	1640.8155765	交易	0		0	9.78	9.85	9.76	9.8
2014-06-25	9.8	9.8	9.81	9.64	9.77	27126263.0	263555598.50000003	12574.0	-0.030000000000001137	-0.30612245202064514	1.7346938775510197	9.71588303556594	71.053697	9.77	0.40541063141963624	0.5467857087126471	2014-06-25 00:00:00.005000	2014-06-25 00:00:00.005000	-30.23	1635.4865492249999	交易	0		0	9.8	9.81	9.64	9.77
2014-06-26	9.77	9.71	9.83	9.71	9.82	34288524.0	335699956.1	10859.0	0.05000000000000071	0.5117707252502441	1.2282497441146287	9.790446392501469	71.053697	9.82	0.5124529009133086	0.6911558328565425	2014-06-26 00:00:00.005000	2014-06-26 00:00:00.005000	-30.18	1644.3682613500002	交易	0		0	9.71	9.83	9.71	9.82
2014-06-27	9.82	9.79	9.87	9.71	9.82	36752084.0	359856078.3	13870.0	0.0	0.0	1.629327902240309	9.791446882304689	71.053697	9.82	0.5492715889552318	0.7408139593945078	2014-06-27 00:00:00.005000	2014-06-27 00:00:00.005000	-30.18	1644.3682613500002	交易	0		0	9.79	9.87	9.71	9.82
2014-06-30	9.82	9.8	9.97	9.79	9.91	44723794.0	442037488.0	14619.0	0.08999999999999986	0.9164969325065613	1.832993890020382	9.883720687918382	71.053697	9.91	0.6684113312999191	0.9015001955340637	2014-06-30 00:00:00.005000	2014-06-30 00:00:00.005000	-30.09	1660.3553431750001	交易	0		0	9.8	9.97	9.79	9.91
2014-07-01	9.91	9.91	9.95	9.83	9.86	28494371.999999996	281216681.09999996	13559.0	-0.05000000000000071	-0.5045408606529236	1.2108980827446945	9.869200875878226	71.053697	9.86	0.42585745572200645	0.5743627638035437	2014-07-01 00:00:00.005000	2014-07-01 00:00:00.005000	-30.14	1651.4736310499998	交易	0		0	9.91	9.95	9.83	9.86
2014-07-02	9.86	9.86	9.9	9.81	9.89	28604171.000000004	281857227.7	15185.0	0.030000000000001137	0.30425962805747986	0.9127789046653132	9.853710764769234	71.053697	9.89	0.42749843671224635	0.5765759888257646	2014-07-02 00:00:00.005000	2014-07-02 00:00:00.005000	-30.11	1656.8026583249998	交易	0		0	9.86	9.9	9.81	9.89
2014-07-03	9.89	9.89	9.99	9.83	9.96	44690486.0	443709923.20000005	16562.0	0.07000000000000028	0.7077856659889221	1.617795753286149	9.928509687721903	71.053697	9.96	0.6679135326421636	0.9008288041822287	2014-07-03 00:00:00.005000	2014-07-03 00:00:00.005000	-30.04	1669.2370553	交易	0		0	9.89	9.99	9.83	9.96
2014-07-04	9.96	9.97	10.01	9.86	9.91	34231126.0	339852547.7	12915.0	-0.05000000000000071	-0.5020080208778381	1.5060240963855458	9.928173198275744	71.053697	9.91	0.5115950695407299	0.6899988579312205	2014-07-04 00:00:00.005000	2014-07-04 00:00:00.005000	-30.09	1660.3553431750001	交易	0		0	9.97	10.01	9.86	9.91
2014-07-07	9.91	9.91	9.93	9.8	9.86	34306164.0	337859959.3	12295.0	-0.05000000000000071	-0.5045408606529236	1.3118062563067507	9.84837474979715	71.053697	9.86	0.5127165363259065	0.6915114033935416	2014-07-07 00:00:00.005000	2014-07-07 00:00:00.005000	-30.14	1651.4736310499998	交易	0		0	9.91	9.93	9.8	9.86
2014-07-08	9.86	9.84	9.93	9.77	9.93	34608702.0	341179824.1	12049.0	0.07000000000000028	0.7099391222000122	1.622718052738338	9.858209189700325	71.053697	9.93	0.5172380629957775	0.6976096799877967	2014-07-08 00:00:00.005000	2014-07-08 00:00:00.005000	-30.07	1663.908028025	交易	0		0	9.84	9.93	9.77	9.93
2014-07-09	9.93	9.92	9.92	9.58	9.65	58789114.0	573417337.1	23741.0	-0.27999999999999936	-2.8197381496429443	3.4239677744209454	9.753801309201565	71.053697	9.65	0.8786220139258024	1.1850156935763179	2014-07-09 00:00:00.005000	2014-07-09 00:00:00.005000	-30.35	1614.1704401250004	交易	0		0	9.92	9.92	9.58	9.65
2014-07-10	9.65	9.66	9.73	9.61	9.67	36025783.0	348040176.3	14696.0	0.019999999999999574	0.20725388824939728	1.2435233160621866	9.660863618148147	71.053697	9.67	0.5384167894197884	0.7261738666171244	2014-07-10 00:00:00.005000	2014-07-10 00:00:00.005000	-30.33	1617.723124975	交易	0		0	9.66	9.73	9.61	9.67
2014-07-11	9.67	9.66	9.7	9.64	9.67	31832009.000000004	307776982.59999996	13402.0	0.0	0.0	0.6204756980351471	9.668789129834687	71.053697	9.67	0.47573950263792497	0.6416397128057176	2014-07-11 00:00:00.005000	2014-07-11 00:00:00.005000	-30.33	1617.723124975	交易	0		0	9.66	9.7	9.64	9.67
2014-07-14	9.67	9.68	9.72	9.57	9.72	46311613.0	446246580.0	17936.0	0.05000000000000071	0.5170630812644958	1.5511892450879046	9.635738232654518	71.053697	9.72	0.6921417914584045	0.9335059582601128	2014-07-14 00:00:00.005000	2014-07-14 00:00:00.005000	-30.28	1626.6048371000004	交易	0		0	9.68	9.72	9.57	9.72
2014-07-15	9.72	9.72	9.72	9.72	9.72	0.0	0.0		0.0	0.0	0.0		71.053697	9.72	0.0	0.0	2014-07-14 00:00:00.005000	2014-07-15 00:00:00.005000	-30.28	1626.6048371000004	停牌一天	1	重大事项	0	9.72	9.72	9.72	9.72
2014-07-16	9.72	9.7	9.71	9.52	9.61	61770282.99999999	592431485.3	21497.0	-0.11000000000000121	-1.1316872835159302	1.9547325102880788	9.590881837144893	71.053697	9.61	0.9231765331626999	1.245107295742719	2014-07-16 00:00:00.005000	2014-07-16 00:00:00.005000	-30.39	1607.065070425	交易	0		0	9.7	9.71	9.52	9.61
2014-07-17	9.61	9.6	9.62	9.53	9.59	32007282.0	306409302.7	12353.0	-0.019999999999999574	-0.2081165462732315	0.9365244536940672	9.57311222802361	71.053697	9.59	0.4783590133903206	0.6451727011691789	2014-07-17 00:00:00.005000	2014-07-17 00:00:00.005000	-30.41	1603.5123855749998	交易	0		0	9.6	9.62	9.53	9.59
2014-07-18	9.59	9.55	9.65	9.53	9.6	37511523.0	360507380.3	15319.0	0.009999999999999787	0.10427528619766235	1.2513034410844737	9.61057700323178	71.053697	9.6	0.560621646444341	0.7561220168235397	2014-07-18 00:00:00.005000	2014-07-18 00:00:00.005000	-30.4	1605.288728	交易	0		0	9.55	9.65	9.53	9.6
2014-07-21	9.6	9.6	9.6	9.53	9.55	27299506.0	260823464.2	11543.0	-0.049999999999998934	-0.5208333134651184	0.7291666666666697	9.554145932164486	71.053697	9.55	0.40799980317613777	0.5502777782444697	2014-07-21 00:00:00.005000	2014-07-21 00:00:00.005000	-30.45	1596.407015875	交易	0		0	9.6	9.6	9.53	9.55
2014-07-22	9.55	9.53	9.8	9.52	9.73	61369888.0	594111752.9	21159.0	0.17999999999999972	1.8848167657852173	2.9319371727748806	9.68083488925383	71.053697	9.73	0.917192502492229	1.2370365097358151	2014-07-22 00:00:00.005000	2014-07-22 00:00:00.005000	-30.27	1628.3811795249999	交易	0		0	9.53	9.8	9.52	9.73
2014-07-23	9.73	9.7	9.83	9.68	9.76	55570368.00000001	541821219.8	18481.0	0.02999999999999936	0.30832475423812866	1.5416238437821208	9.750182323788101	71.053697	9.76	0.8305168308329663	1.120135237585163	2014-07-23 00:00:00.005000	2014-07-23 00:00:00.005000	-30.240000000000002	1633.7102068	交易	0		0	9.7	9.83	9.68	9.76
2014-07-24	9.76	9.77	10.3	9.76	10.16	180582397.0	1820306627.0	60296.0	0.40000000000000036	4.098360538482666	5.532786885245911	10.080199716254736	71.053697	10.16	2.698861379875342	3.6400101969325305	2014-07-24 00:00:00.005000	2014-07-24 00:00:00.005000	-29.84	1704.7639038	交易	0		0	9.77	10.3	9.76	10.16
2014-07-25	10.16	10.2	10.26	10.08	10.22	85391389.0	868778311.4	28061.0	0.0600000000000005	0.5905511975288391	1.771653543307084	10.174074008797303	71.053697	10.22	1.276201477965829	1.7212393447752956	2014-07-25 00:00:00.005000	2014-07-25 00:00:00.005000	-29.78	1715.42195835	交易	0		0	10.2	10.26	10.08	10.22
2014-07-28	10.22	10.26	10.9	10.24	10.78	186787917.0	1997922401.4	64731.0	0.5599999999999987	5.479452133178711	6.457925636007829	10.696207942615475	71.053697	10.78	2.7916048507134437	3.7650952354109415	2014-07-28 00:00:00.005000	2014-07-28 00:00:00.005000	-29.22	1814.8971341499998	交易	0		0	10.26	10.9	10.24	10.78
2014-07-29	10.78	10.82	11.1	10.73	10.82	120182708.0	1306061727.3	40682.0	0.040000000000000924	0.37105751037597656	3.4322820037105686	10.867301536424025	71.053697	10.82	1.7961688101306756	2.4225300465746105	2014-07-29 00:00:00.005000	2014-07-29 00:00:00.005000	-29.18	1822.00250385	交易	0		0	10.82	11.1	10.73	10.82
2014-07-30	10.82	10.82	11.1	10.73	10.75	81002561.0	880625360.1	29717.0	-0.07000000000000028	-0.6469500660896301	3.419593345656185	10.87157429627441	71.053697	10.75	1.2106090470927604	1.6327734757981383	2014-07-30 00:00:00.005000	2014-07-30 00:00:00.005000	-29.25	1809.568106875	交易	0		0	10.82	11.1	10.73	10.75
2014-07-31	10.75	10.75	10.9	10.65	10.87	63778443.00000001	685541110.3	25176.0	0.11999999999999922	1.116279125213623	2.3255813953488373	10.748790313052952	71.053697	10.87	0.9531891233079648	1.2855858971928487	2014-07-31 00:00:00.005000	2014-07-31 00:00:00.005000	-29.130000000000003	1830.8842159749997	交易	0		0	10.75	10.9	10.65	10.87
2014-08-01	10.87	10.84	11.08	10.7	10.7	85450966.0	930971498.8	34199.0	-0.16999999999999993	-1.5639374256134033	3.495860165593384	10.894803679574553	71.053697	10.7	1.27709187518671	1.7224402419341847	2014-08-01 00:00:00.005000	2014-08-01 00:00:00.005000	-29.3	1800.68639475	交易	0		0	10.84	11.08	10.7	10.7
2014-08-04	10.7	10.7	10.93	10.6	10.93	83062393.0	896723511.7	30117.0	0.23000000000000043	2.1495327949523926	3.084112149532711	10.795782294642054	71.053697	10.93	1.2413938917187368	1.6742936328484843	2014-08-04 00:00:00.005000	2014-08-04 00:00:00.005000	-29.07	1841.5422705250003	交易	0		0	10.7	10.93	10.6	10.93
2014-08-05	10.93	10.95	11.09	10.71	10.82	75217527.0	817861959.3	28029.0	-0.10999999999999943	-1.0064043998718262	3.4766697163769353	10.873289669573953	71.053697	10.82	1.124149873312573	1.5161641988174954	2014-08-05 00:00:00.005000	2014-08-05 00:00:00.005000	-29.18	1822.00250385	交易	0		0	10.95	11.09	10.71	10.82
2014-08-06	10.82	10.75	10.75	10.51	10.65	83464759.0	884436929.5	31828.0	-0.16999999999999993	-1.5711644887924194	2.2181146025878022	10.596531279746461	71.053697	10.65	1.2474073796113296	1.6824041484204917	2014-08-06 00:00:00.005000	2014-08-06 00:00:00.005000	-29.35	1791.804682625	交易	0		0	10.75	10.75	10.51	10.65
2014-08-07	10.65	10.65	10.68	10.48	10.5	59643465.0	629404555.5999999	31744.0	-0.15000000000000036	-1.408450722694397	1.8779342723004628	10.552783202652627	71.053697	10.5	0.8913905614534879	1.2022368978765325	2014-08-07 00:00:00.005000	2014-08-07 00:00:00.005000	-29.5	1765.1595462500002	交易	0		0	10.65	10.68	10.48	10.5
2014-08-08	10.5	10.53	10.62	10.46	10.54	55565169.99999999	586028458.5	23510.0	0.03999999999999915	0.380952388048172	1.5238095238095082	10.546687043340281	71.053697	10.54	0.8304391450690951	1.1200304611876952	2014-08-08 00:00:00.005000	2014-08-08 00:00:00.005000	-29.46	1772.2649159499997	交易	0		0	10.53	10.62	10.46	10.54
2014-08-11	10.54	10.56	10.75	10.56	10.71	62133185.0	663290431.5	18409.0	0.1700000000000017	1.6129032373428345	1.8026565464895592	10.67530067064806	71.053697	10.71	0.9286002190188554	1.2524223331020208	2014-08-11 00:00:00.005000	2014-08-11 00:00:00.005000	-29.29	1802.462737175	交易	0		0	10.56	10.75	10.56	10.71
2014-08-12	10.71	10.65	10.66	10.52	10.6	48085237.0	508251839.0	19941.0	-0.11000000000000121	-1.027077555656433	1.3071895424836655	10.56981041811232	71.053697	10.6	0.7186491664602992	0.969257003504707	2014-08-12 00:00:00.005000	2014-08-12 00:00:00.005000	-29.4	1782.9229705	交易	0		0	10.65	10.66	10.52	10.6
2014-08-13	10.6	10.58	10.71	10.49	10.65	53336494.99999999	564717115.2	22425.0	0.05000000000000071	0.4716981053352356	2.0754716981132137	10.587818250899316	71.053697	10.65	0.7971308880865848	1.0751069256691774	2014-08-13 00:00:00.005000	2014-08-13 00:00:00.005000	-29.35	1791.804682625	交易	0		0	10.58	10.71	10.49	10.65
2014-08-14	10.65	10.68	10.75	10.51	10.54	52369318.0	556638928.5	19833.0	-0.11000000000000121	-1.0328638553619385	2.2535211267605653	10.62910402041134	71.053697	10.54	0.7826761200905455	1.0556114809263624	2014-08-14 00:00:00.005000	2014-08-14 00:00:00.005000	-29.46	1772.2649159499997	交易	0		0	10.68	10.75	10.51	10.54
2014-08-15	10.54	10.54	10.63	10.45	10.58	67508977.0	711373260.9	22533.0	0.040000000000000924	0.3795066475868225	1.7077798861480222	10.537461720090944	71.053697	10.58	1.008943140898682	1.3607824945666418	2014-08-15 00:00:00.005000	2014-08-15 00:00:00.005000	-29.42	1779.3702856499997	交易	0		0	10.54	10.63	10.45	10.58
2014-08-18	10.58	10.59	10.69	10.55	10.65	58902349.0	625059413.4	22435.0	0.07000000000000028	0.6616256833076477	1.3232514177693648	10.611790938931824	71.053697	10.65	0.8803143470292897	1.1872981782564256	2014-08-18 00:00:00.005000	2014-08-18 00:00:00.005000	-29.35	1791.804682625	交易	0		0	10.59	10.69	10.55	10.65
2014-08-19	10.65	10.65	10.67	10.51	10.58	58082164.0	613961765.2	22529.0	-0.07000000000000028	-0.65727698802948	1.5023474178403768	10.57057318318925	71.053697	10.58	0.8680564212423534	1.1707656600654577	2014-08-19 00:00:00.005000	2014-08-19 00:00:00.005000	-29.42	1779.3702856499997	交易	0		0	10.65	10.67	10.51	10.58
2014-08-20	10.58	10.57	10.57	10.44	10.47	57328568.00000001	600953662.4	23757.0	-0.10999999999999943	-1.039697527885437	1.2287334593572852	10.482621202050606	71.053697	10.47	0.8567936892473378	1.155575380337542	2014-08-20 00:00:00.005000	2014-08-20 00:00:00.005000	-29.53	1759.8305189750001	交易	0		0	10.57	10.57	10.44	10.47
2014-08-21	10.47	10.45	10.47	10.25	10.34	63223050.0	653438886.5	29470.0	-0.13000000000000078	-1.2416428327560425	2.1012416427889264	10.33545339081237	71.053697	10.34	0.9448885982110855	1.274390807212373	2014-08-21 00:00:00.005000	2014-08-21 00:00:00.005000	-29.66	1736.7380674500002	交易	0		0	10.45	10.47	10.25	10.34
2014-08-22	10.34	10.29	10.41	10.26	10.35	48156174.0	497919623.59999996	18854.0	0.009999999999999787	0.09671179950237274	1.4506769825918797	10.33968403719116	71.053697	10.35	0.7197093424956423	0.9706868848642938	2014-08-22 00:00:00.005000	2014-08-22 00:00:00.005000	-29.65	1738.5144098749997	交易	0		0	10.29	10.41	10.26	10.35
2014-08-25	10.35	10.35	10.35	10.18	10.21	50943444.0	521445418.59999996	22687.0	-0.1399999999999988	-1.3526569604873657	1.6425120772946853	10.235770840306753	71.053697	10.21	0.7613659794838264	1.026870053269153	2014-08-25 00:00:00.005000	2014-08-25 00:00:00.005000	-29.79	1713.6456159250001	交易	0		0	10.35	10.35	10.18	10.21
2014-08-26	10.21	10.19	10.27	10.14	10.19	46116514.0	469882625.2	23958.0	-0.02000000000000135	-0.19588638842105865	1.2732615083251615	10.189031746848862	71.053697	10.19	0.6892259748278816	0.9295733360266659	2014-08-26 00:00:00.005000	2014-08-26 00:00:00.005000	-29.810000000000002	1710.0929310749998	交易	0		0	10.19	10.27	10.14	10.19
2014-08-27	10.19	10.19	10.39	10.17	10.24	57314682.99999999	588959908.1	18636.0	0.05000000000000071	0.490677148103714	2.1589793915603597	10.275899250808036	71.053697	10.24	0.8565861735044848	1.1552954995605442	2014-08-27 00:00:00.005000	2014-08-27 00:00:00.005000	-29.759999999999998	1718.9746432	交易	0		0	10.19	10.39	10.17	10.24
2014-08-28	10.24	10.24	10.25	10.14	10.15	43896983.0	447046661.4	17476.0	-0.08999999999999986	-0.87890625	1.0742187499999944	10.183995136977865	71.053697	10.15	0.6560543778347588	0.8848341166640619	2014-08-28 00:00:00.005000	2014-08-28 00:00:00.005000	-29.85	1702.987561375	交易	0		0	10.24	10.25	10.14	10.15
2014-08-29	10.15	10.15	10.25	10.14	10.25	34372640.0	350689092.8	14319.0	0.09999999999999964	0.9852216839790344	1.0837438423645265	10.202564970278686	71.053697	10.25	0.5137064209689616	0.6928447785765193	2014-08-29 00:00:00.005000	2014-08-29 00:00:00.005000	-29.75	1720.7509856249999	交易	0		0	10.15	10.25	10.14	10.25
2014-09-01	10.25	10.24	10.33	10.17	10.3	48778216.0	501154056.2	17352.0	0.05000000000000071	0.4878048896789551	1.560975609756099	10.27413663919156	71.053697	10.3	0.49587926591915166	0.9832160772020312	2014-09-01 00:00:00.005000	2014-09-01 00:00:00.005000	-29.7	1729.6326977500003	交易	0		0	10.24	10.33	10.17	10.3
2014-09-02	10.3	10.35	10.49	10.24	10.45	78800496.0	816712367.6999999	29762.0	0.14999999999999858	1.4563106298446655	2.4271844660194173	10.364304911227968	71.053697	10.45	0.801085716430159	1.588371222077789	2014-09-02 00:00:00.005000	2014-09-02 00:00:00.005000	-29.55	1756.2778341249998	交易	0		0	10.35	10.49	10.24	10.45
2014-09-03	10.45	10.47	10.59	10.43	10.5	76692878.0	807419398.0	26985.0	0.05000000000000071	0.4784688949584961	1.5311004784689008	10.527957993700536	71.053697	10.5	0.7796596752096685	1.5458882435654056	2014-09-03 00:00:00.005000	2014-09-03 00:00:00.005000	-29.5	1765.1595462500002	交易	0		0	10.47	10.59	10.43	10.5
2014-09-04	10.5	10.5	10.55	10.38	10.55	62815851.0	657751218.6	26145.0	0.05000000000000071	0.4761904776096344	1.6190476190476182	10.471102566134144	71.053697	10.55	0.638585840900102	1.2661708375379552	2014-09-04 00:00:00.005000	2014-09-04 00:00:00.005000	-29.45	1774.041258375	交易	0		0	10.5	10.55	10.38	10.55
2014-09-05	10.55	10.55	10.64	10.5	10.57	59787809.0	631001557.4000001	23812.0	0.019999999999999574	0.1895734667778015	1.327014218009484	10.5540170806393	71.053697	10.57	0.6078027707662463	1.2051349936513525	2014-09-05 00:00:00.005000	2014-09-05 00:00:00.005000	-29.43	1777.5939432250002	交易	0		0	10.55	10.64	10.5	10.57
2014-09-09	10.57	10.55	10.58	10.42	10.46	56669759.0	593195196.0	20283.0	-0.10999999999999943	-1.0406811237335205	1.513718070009462	10.467579295687493	71.053697	10.46	0.5761046794482036	1.1422848703602546	2014-09-09 00:00:00.005000	2014-09-09 00:00:00.005000	-29.54	1758.0541765500002	交易	0		0	10.55	10.58	10.42	10.46
2014-09-10	10.46	10.4	10.41	10.31	10.33	53159331.99999999	549288854.8	24132.0	-0.13000000000000078	-1.2428297996520996	0.9560229445506657	10.33287729800668	71.053697	10.33	0.540417684175093	1.0715256555450983	2014-09-10 00:00:00.005000	2014-09-10 00:00:00.005000	-29.67	1734.9617250249999	交易	0		0	10.4	10.41	10.31	10.33
2014-09-11	10.33	10.33	10.55	10.3	10.37	71346124.0	743736351.1	28162.0	0.03999999999999915	0.38722169399261475	2.420135527589545	10.424341357352503	71.053697	10.37	0.7253045825886041	1.4381144272035224	2014-09-11 00:00:00.005000	2014-09-11 00:00:00.005000	-29.630000000000003	1742.0670947249998	交易	0		0	10.33	10.55	10.3	10.37
2014-09-12	10.37	10.37	10.38	10.27	10.37	40865437.0	421465544.40000004	18484.0	0.0	0.0	1.0607521697203588	10.31349657168722	71.053697	10.37	0.4154379672480301	0.8237192327879876	2014-09-12 00:00:00.005000	2014-09-12 00:00:00.005000	-29.630000000000003	1742.0670947249998	交易	0		0	10.37	10.38	10.27	10.37
2014-09-15	10.37	10.33	10.33	10.25	10.31	51541835.0	530216252.1	25661.0	-0.05999999999999872	-0.5785921216011047	0.7714561234329804	10.287104681080912	71.053697	10.31	0.5239742122574971	1.0389219814946564	2014-09-15 00:00:00.005000	2014-09-15 00:00:00.005000	-29.689999999999998	1731.409040175	交易	0		0	10.33	10.33	10.25	10.31
2014-09-16	10.31	10.32	10.46	10.24	10.25	82834049.0	855746030.8	31644.0	-0.0600000000000005	-0.5819592475891113	2.133850630455874	10.330848740715306	71.053697	10.25	0.8420908097834295	1.6696750187940625	2014-09-16 00:00:00.005000	2014-09-16 00:00:00.005000	-29.75	1720.7509856249999	交易	0		0	10.32	10.46	10.24	10.25
2014-09-17	10.25	10.3	10.35	10.2	10.26	55674797.0	570332045.5	21918.0	0.009999999999999787	0.09756097197532654	1.4634146341463452	10.243989672741868	71.053697	10.26	0.5659898973459339	1.1222295523345793	2014-09-17 00:00:00.005000	2014-09-17 00:00:00.005000	-29.740000000000002	1722.5273280499998	交易	0		0	10.3	10.35	10.2	10.26
2014-09-18	10.26	10.21	10.46	10.18	10.33	76830914.0	793783227.5	27684.0	0.07000000000000028	0.6822612285614014	2.7290448343080036	10.331560385966513	71.053697	10.33	0.7810629489651174	1.5486706170419726	2014-09-18 00:00:00.005000	2014-09-18 00:00:00.005000	-29.67	1734.9617250249999	交易	0		0	10.21	10.46	10.18	10.33
2014-09-19	10.33	10.3	10.4	10.26	10.38	57075418.99999999	590539499.7	19777.0	0.05000000000000071	0.48402711749076843	1.3552758954501507	10.34665202720632	71.053697	10.38	0.5802286183600481	1.1504617055663182	2014-09-19 00:00:00.005000	2014-09-19 00:00:00.005000	-29.619999999999997	1743.8434371500002	交易	0		0	10.3	10.4	10.26	10.38
2014-09-22	10.38	10.33	10.34	10.02	10.06	79019166.0	802793606.6	37381.0	-0.3200000000000003	-3.0828516483306885	3.0828516377649353	10.159479620425252	71.053697	10.06	0.8033087153007725	1.5927789244751411	2014-09-22 00:00:00.005000	2014-09-22 00:00:00.005000	-29.939999999999998	1687.0004795500001	交易	0		0	10.33	10.34	10.02	10.06
2014-09-23	10.06	10.06	10.14	10.05	10.1	46215800.0	466701919.5	19731.0	0.03999999999999915	0.3976143002510071	0.8946322067594419	10.098319611474864	71.053697	10.1	0.4698297489573282	0.9315657952876677	2014-09-23 00:00:00.005000	2014-09-23 00:00:00.005000	-29.9	1694.10584925	交易	0		0	10.06	10.14	10.05	10.1
2014-09-24	10.1	10.07	10.3	10.04	10.28	76055290.0	774981745.5	29177.0	0.17999999999999972	1.7821781635284424	2.57425742574259	10.189715212446103	71.053697	10.28	0.7731779566203937	1.5330364662016929	2014-09-24 00:00:00.005000	2014-09-24 00:00:00.005000	-29.72	1726.0800128999997	交易	0		0	10.07	10.3	10.04	10.28
2014-09-25	10.28	10.32	10.33	10.15	10.18	67716732.0	693101940.4	26463.0	-0.09999999999999964	-0.9727626442909241	1.750972762645912	10.235312897261492	71.053697	10.18	0.6884081893155733	1.3649572505476883	2014-09-25 00:00:00.005000	2014-09-25 00:00:00.005000	-29.82	1708.3165886499999	交易	0		0	10.32	10.33	10.15	10.18
2014-09-26	10.18	10.16	10.17	10.06	10.12	45363332.0	458477953.4	17192.0	-0.0600000000000005	-0.5893909335136414	1.0805500982318217	10.106796242392424	71.053697	10.12	0.46116356063138436	0.914382710057567	2014-09-26 00:00:00.005000	2014-09-26 00:00:00.005000	-29.880000000000003	1697.6585340999995	交易	0		0	10.16	10.17	10.06	10.12
2014-09-29	10.12	10.14	10.19	10.09	10.12	60535871.0	613587484.3	23697.0	0.0	0.0	0.9881422924901153	10.135932202908256	71.053697	10.12	0.615407567863008	1.2202135808867671	2014-09-29 00:00:00.005000	2014-09-29 00:00:00.005000	-29.880000000000003	1697.6585340999995	交易	0		0	10.14	10.19	10.09	10.12
2014-09-30	10.12	10.14	10.16	10.1	10.14	48398244.0	490091135.9	19714.0	0.02000000000000135	0.197628453373909	0.5928853754940762	10.126217304495592	71.053697	10.14	0.4920164711742632	0.9755570316295854	2014-09-30 00:00:00.005000	2014-09-30 00:00:00.005000	-29.86	1701.21121895	交易	0		0	10.14	10.16	10.1	10.14
2014-10-08	10.14	10.17	10.26	10.14	10.26	67468717.0	688179611.8	23225.0	0.11999999999999922	1.1834319829940796	1.1834319526627142	10.199980708096168	71.053697	10.26	0.6858868692218466	1.3599580448492417	2014-10-08 00:00:00.005000	2014-10-08 00:00:00.005000	-29.740000000000002	1722.5273280499998	交易	0		0	10.17	10.26	10.14	10.26
2014-10-09	10.26	10.26	10.29	10.16	10.2	66239360.0	676601231.0	23572.0	-0.0600000000000005	-0.5847952961921692	1.2670565302144152	10.21448925533097	71.053697	10.2	0.6733892279240884	1.3351780576717514	2014-10-09 00:00:00.005000	2014-10-09 00:00:00.005000	-29.8	1711.8692735	交易	0		0	10.26	10.29	10.16	10.2
2014-10-10	10.2	10.16	10.2	10.13	10.16	65934904.0	669474243.9	21759.0	-0.03999999999999915	-0.3921568691730499	0.686274509803907	10.153563640587086	71.053697	10.16	0.6702941287145421	1.3290411781679863	2014-10-10 00:00:00.005000	2014-10-10 00:00:00.005000	-29.84	1704.7639038	交易	0		0	10.16	10.2	10.13	10.16
2014-10-13	10.16	10.12	10.14	10.04	10.1	51987541.0	524142432.09999996	21446.0	-0.0600000000000005	-0.5905511975288391	0.984251968503951	10.082077782828774	71.053697	10.1	0.528505258741357	1.0479060186497957	2014-10-13 00:00:00.005000	2014-10-13 00:00:00.005000	-29.9	1694.10584925	交易	0		0	10.12	10.14	10.04	10.1
2014-10-14	10.1	10.09	10.2	10.07	10.12	57588334.0	582555046.5	19203.0	0.019999999999999574	0.19801980257034302	1.2871287128712772	10.115851701839473	71.053697	10.12	0.5854429114305231	1.1608004656849353	2014-10-14 00:00:00.005000	2014-10-14 00:00:00.005000	-29.880000000000003	1697.6585340999995	交易	0		0	10.09	10.2	10.07	10.12
2014-10-15	10.12	10.11	10.18	10.02	10.16	59765982.99999999	604421656.7	21998.0	0.040000000000000924	0.395256906747818	1.5810276679841913	10.113138383417875	71.053697	10.16	0.6075808876851194	1.2046950498432185	2014-10-15 00:00:00.005000	2014-10-15 00:00:00.005000	-29.84	1704.7639038	交易	0		0	10.11	10.18	10.02	10.16
2014-10-16	10.16	10.1	10.35	10.08	10.2	132373549.0	1355834915.8999999	48119.0	0.03999999999999915	0.3937007784843445	2.657480314960626	10.242491238940794	71.053697	10.2	1.345709287630217	2.6682361973445454	2014-10-16 00:00:00.005000	2014-10-16 00:00:00.005000	-29.8	1711.8692735	交易	0		0	10.1	10.35	10.08	10.2
2014-10-17	10.2	10.2	10.22	10.06	10.12	70051115.0	709337187.1	23266.0	-0.08000000000000007	-0.7843137383460999	1.5686274509803935	10.12599424149066	71.053697	10.12	0.7121395231637433	1.4120111013065417	2014-10-17 00:00:00.005000	2014-10-17 00:00:00.005000	-29.880000000000003	1697.6585340999995	交易	0		0	10.2	10.22	10.06	10.12
2014-10-20	10.12	10.15	10.19	10.09	10.17	61117048.0	619515026.7	17850.0	0.05000000000000071	0.4940711557865143	0.9881422924901153	10.136533863677448	71.053697	10.17	0.6213158123164151	1.2319282891512116	2014-10-20 00:00:00.005000	2014-10-20 00:00:00.005000	-29.83	1706.540246225	交易	0		0	10.15	10.19	10.09	10.17
2014-10-21	10.17	10.14	10.16	10.07	10.09	48632322.0	491186150.7	16025.0	-0.08000000000000007	-0.7866273522377014	0.884955752212388	10.0999938004194	71.053697	10.09	0.49439610774825815	0.9802753110541403	2014-10-21 00:00:00.005000	2014-10-21 00:00:00.005000	-29.91	1692.329506825	交易	0		0	10.14	10.16	10.07	10.09
2014-10-22	10.09	10.08	10.19	10.06	10.1	55946011.0	566148280.6	15989.0	0.009999999999999787	0.099108025431633	1.2884043607532112	10.119546871715304	71.053697	10.1	0.5687470584365936	1.1276963772213746	2014-10-22 00:00:00.005000	2014-10-22 00:00:00.005000	-29.9	1694.10584925	交易	0		0	10.08	10.19	10.06	10.1
2014-10-23	10.1	10.12	10.34	10.12	10.24	158547972.0	1625133858.0	44532.0	0.14000000000000057	1.3861385583877563	2.1782178217821846	10.250108137617806	71.053697	10.24	1.6117984300272525	3.1958305953251243	2014-10-23 00:00:00.005000	2014-10-23 00:00:00.005000	-29.759999999999998	1718.9746432	交易	0		0	10.12	10.34	10.12	10.24
2014-10-24	10.24	10.33	10.35	10.15	10.18	82098916.0	842529671.6999999	22038.0	-0.0600000000000005	-0.5859375	1.9531249999999931	10.262372668842545	71.053697	10.18	0.8346174488800102	1.6548570397092646	2014-10-24 00:00:00.005000	2014-10-24 00:00:00.005000	-29.82	1708.3165886499999	交易	0		0	10.33	10.35	10.15	10.18
2014-10-27	10.18	10.1	10.13	9.98	10.02	72956879.0	732278924.6999999	26271.0	-0.16000000000000014	-1.5717092752456665	1.473477406679768	10.037147075603384	71.053697	10.02	0.7416795153449722	1.4705822036476948	2014-10-27 00:00:00.005000	2014-10-27 00:00:00.005000	-29.98	1679.8951098499997	交易	0		0	10.1	10.13	9.98	10.02
2014-10-28	10.02	10.05	10.19	10.05	10.17	53065097.0	536920627.2	20614.0	0.15000000000000036	1.4970059394836426	1.3972055888223434	10.118150301317645	71.053697	10.17	0.5394596913156597	1.0696261730581798	2014-10-28 00:00:00.005000	2014-10-28 00:00:00.005000	-29.83	1706.540246225	交易	0		0	10.05	10.19	10.05	10.17
2014-10-29	10.17	10.19	10.38	10.14	10.3	106527620.0	1093979402.3	35040.0	0.13000000000000078	1.2782694101333618	2.359882005899707	10.269443758341733	71.053697	10.3	1.0829596147123204	2.147263209668608	2014-10-29 00:00:00.005000	2014-10-29 00:00:00.005000	-29.7	1729.6326977500003	交易	0		0	10.19	10.38	10.14	10.3
2014-10-30	10.3	10.31	10.55	10.21	10.43	152063317.0	1578266420.8	46168.0	0.129999999999999	1.2621358633041382	3.300970873786406	10.379008244309178	71.053697	10.43	1.5458754376583033	3.0651202583355843	2014-10-30 00:00:00.005000	2014-10-30 00:00:00.005000	-29.57	1752.7251492750001	交易	0		0	10.31	10.55	10.21	10.43
2014-10-31	10.43	10.5	11.35	10.46	11.03	359308400.0	3900875151.9	111906.0	0.5999999999999996	5.752636432647705	8.533077660594428	10.856621086231215	71.053697	11.03	3.6527286203042957	7.242532108056972	2014-10-31 00:00:00.005000	2014-10-31 00:00:00.005000	-28.97	1859.3056947750001	交易	0		0	10.5	11.35	10.46	11.03
2014-11-03	11.03	11.16	11.26	10.98	11.11	191683467.0	2129642928.4	54540.0	0.08000000000000007	0.7252946496009827	2.5385312783318166	11.110206642913028	71.053697	11.11	1.948653819254028	3.863738405033612	2014-11-03 00:00:00.005000	2014-11-03 00:00:00.005000	-28.89	1873.516434175	交易	0		0	11.16	11.26	10.98	11.11
2014-11-04	11.11	11.15	11.18	10.78	10.85	131899207.0	1443563429.9	35289.0	-0.2599999999999998	-2.3402340412139893	3.600360036003604	10.944443584865526	71.053697	10.85	1.340887127616111	2.6586749481079566	2014-11-04 00:00:00.005000	2014-11-04 00:00:00.005000	-29.15	1827.3315311249999	交易	0		0	11.15	11.18	10.78	10.85
2014-11-05	10.85	10.85	10.95	10.66	10.82	128587681.0	1386577315.3999999	33546.0	-0.02999999999999936	-0.2764976918697357	2.672811059907826	10.78312715974713	71.053697	10.82	1.3072221595912004	2.59192495456017	2014-11-05 00:00:00.005000	2014-11-05 00:00:00.005000	-29.18	1822.00250385	交易	0		0	10.85	10.95	10.66	10.82
2014-11-06	10.82	10.82	10.9	10.74	10.84	64512385.0	697762487.9	20120.0	0.019999999999999574	0.18484288454055786	1.478743068391868	10.815946238850106	71.053697	10.84	0.6558328028334142	1.3003676499904622	2014-11-06 00:00:00.005000	2014-11-06 00:00:00.005000	-29.16	1825.5551887	交易	0		0	10.82	10.9	10.74	10.84
2014-11-07	10.84	10.81	11.38	10.77	10.91	223436924.00000003	2470577739.3999996	58147.0	0.07000000000000028	0.6457564830780029	5.627306273062742	11.057159645645674	71.053697	10.91	2.271459412380996	4.503788656751375	2014-11-07 00:00:00.005000	2014-11-07 00:00:00.005000	-29.09	1837.989585675	交易	0		0	10.81	11.38	10.77	10.91
2014-11-10	10.91	11.05	11.25	10.86	11.14	162134845.0	1792128605.1000001	37863.0	0.23000000000000043	2.1081576347351074	3.574702108157658	11.053321727972788	71.053697	11.14	1.6482625752142193	3.2681307220965063	2014-11-10 00:00:00.005000	2014-11-10 00:00:00.005000	-28.86	1878.8454614500001	交易	0		0	11.05	11.25	10.86	11.14
2014-11-11	11.14	11.11	11.64	11.07	11.27	298139088.0	3390990136.8	87222.0	0.129999999999999	1.1669658422470093	5.116696588868943	11.373852920620728	71.053697	11.27	3.030881492247387	6.009550340339449	2014-11-11 00:00:00.005000	2014-11-11 00:00:00.005000	-28.73	1901.937912975	交易	0		0	11.11	11.64	11.07	11.27
2014-11-12	11.27	11.19	11.21	10.99	11.2	138946263.0	1538194102.0	42539.0	-0.07000000000000028	-0.6211180090904236	1.9520851818988523	11.070424412925737	71.053697	11.2	1.4125274876524674	2.8007215280022075	2014-11-12 00:00:00.005000	2014-11-12 00:00:00.005000	-28.8	1889.503516	交易	0		0	11.19	11.21	10.99	11.2
2014-11-13	11.2	11.18	11.36	11.03	11.05	134038427.0	1498070412.0	37488.0	-0.14999999999999858	-1.3392857313156128	2.9464285714285725	11.176424891945352	71.053697	11.05	1.3626344347181085	2.7017949239732513	2014-11-13 00:00:00.005000	2014-11-13 00:00:00.005000	-28.95	1862.8583796250002	交易	0		0	11.18	11.36	11.03	11.05
2014-11-14	11.05	11.0	11.01	10.8	10.93	90152661.0	980490605.0	29144.0	-0.120000000000001	-1.0859729051589966	1.9004524886877743	10.875892005006929	71.053697	10.93	0.9164918076818991	1.8171953172240771	2014-11-14 00:00:00.005000	2014-11-14 00:00:00.005000	-29.07	1841.5422705250003	交易	0		0	11.0	11.01	10.8	10.93
2014-11-17	10.93	10.95	10.99	10.71	10.76	88959448.0	961843455.8	32118.0	-0.16999999999999993	-1.5553522109985352	2.5617566331198476	10.812156296203636	71.053697	10.76	0.9043616062303907	1.793143879895445	2014-11-17 00:00:00.005000	2014-11-17 00:00:00.005000	-29.240000000000002	1811.3444493	交易	0		0	10.95	10.99	10.71	10.76
2014-11-18	10.76	10.74	10.81	10.56	10.61	93029646.0	989520787.0	34196.0	-0.15000000000000036	-1.3940520286560059	2.323420074349442	10.636617783109697	71.053697	10.61	0.9457392325951105	1.8751863250516099	2014-11-18 00:00:00.005000	2014-11-18 00:00:00.005000	-29.39	1784.699312925	交易	0		0	10.74	10.81	10.56	10.61
2014-11-19	10.61	10.6	10.66	10.54	10.63	59165677.0	627087997.0	24129.0	0.02000000000000135	0.18850141763687134	1.1310084825636288	10.598847656217979	71.053697	10.63	0.6014781778482763	1.1925947608445222	2014-11-19 00:00:00.005000	2014-11-19 00:00:00.005000	-29.369999999999997	1788.251997775	交易	0		0	10.6	10.66	10.54	10.63
2014-11-20	10.63	10.58	10.69	10.5	10.63	68354463.0	724359504.6	23500.0	0.0	0.0	1.7873941674506066	10.597106213825423	71.053697	10.63	0.6948913616426196	1.377811910343572	2014-11-20 00:00:00.005000	2014-11-20 00:00:00.005000	-29.369999999999997	1788.251997775	交易	0		0	10.58	10.69	10.5	10.63
2014-11-21	10.63	10.62	10.86	10.5	10.8	114673198.0	1223438984.6000001	37877.0	0.16999999999999993	1.5992474555969238	3.3866415804327326	10.66891833434348	71.053697	10.8	1.1657675476454803	2.311452552872615	2014-11-21 00:00:00.005000	2014-11-21 00:00:00.005000	-29.2	1818.4498190000004	交易	0		0	10.62	10.86	10.5	10.8
2014-11-24	10.8	10.61	10.95	10.52	10.78	222736850.99999997	2397290890.4	62519.0	-0.02000000000000135	-0.18518517911434174	3.9814814814814783	10.762884002521883	71.053697	10.78	2.264342471381558	4.489677377470167	2014-11-24 00:00:00.005000	2014-11-24 00:00:00.005000	-29.22	1814.8971341499998	交易	0		0	10.61	10.95	10.52	10.78
2014-11-25	10.78	10.75	11.02	10.69	10.98	156780267.0	1704413982.0	47913.0	0.20000000000000107	1.8552875518798828	3.0612244897959195	10.87135527074973	71.053697	10.98	1.5938279438216558	3.160199198396823	2014-11-25 00:00:00.005000	2014-11-25 00:00:00.005000	-29.02	1850.4239826500002	交易	0		0	10.75	11.02	10.69	10.98
2014-11-26	10.98	10.99	11.37	10.92	11.21	218491865.0	2437181271.7	61885.0	0.23000000000000043	2.0947177410125732	4.098360655737698	11.154562993455157	71.053697	11.21	2.221187950488111	4.404111753612633	2014-11-26 00:00:00.005000	2014-11-26 00:00:00.005000	-28.79	1891.2798584250002	交易	0		0	10.99	11.37	10.92	11.21
2014-11-27	11.21	11.35	11.51	11.12	11.31	210385672.00000003	2386849899.7999997	58521.0	0.09999999999999964	0.8920606374740601	3.4790365744870697	11.345116219701499	71.053697	11.31	2.1387804054020227	4.240716288667738	2014-11-27 00:00:00.005000	2014-11-27 00:00:00.005000	-28.689999999999998	1909.043282675	交易	0		0	11.35	11.51	11.12	11.31
2014-11-28	11.31	11.27	12.44	11.18	12.44	484483936.00000006	5793392235.5	132752.0	1.129999999999999	9.991158485412598	11.140583554376656	11.957862387206166	71.053697	12.44	4.925262919277353	9.765678905135031	2014-11-28 00:00:00.005000	2014-11-28 00:00:00.005000	-27.560000000000002	2109.7699767000004	交易	0		1	11.27	12.44	11.18	12.44
2014-12-01	12.44	12.6	13.04	12.15	12.19	446521363.99999994	5600612225.4	112987.0	-0.25	-2.009646415710449	7.154340836012851	12.542764304106175	71.053697	12.19	4.539335472981183	9.00047233992691	2014-12-01 00:00:00.005000	2014-12-01 00:00:00.005000	-27.810000000000002	2065.361416075	交易	0		0	12.6	13.04	12.15	12.19
2014-12-02	12.19	12.14	13.4	12.08	13.12	349041143.0	4436545275.8	109265.0	0.9299999999999997	7.629204273223877	10.828547990155869	12.710665675879936	71.053697	13.12	3.5483517020471114	7.035576360615018	2014-12-02 00:00:00.005000	2014-12-02 00:00:00.005000	-26.880000000000003	2230.5612616	交易	0		0	12.14	13.4	12.08	13.12
2014-12-03	13.12	13.12	13.89	12.71	13.1	399753009.0	5328329995.5	132704.0	-0.019999999999999574	-0.15243902802467346	8.993902439024389	13.329055380543739	71.053697	13.1	4.063888450776716	8.057768766260093	2014-12-03 00:00:00.005000	2014-12-03 00:00:00.005000	-26.9	2227.00857675	交易	0		0	13.12	13.89	12.71	13.1
2014-12-04	13.1	13.14	13.97	12.9	13.96	345018080.0	4674284954.599999	114503.0	0.8600000000000012	6.56488561630249	8.167938931297712	13.54794205161654	71.053697	13.96	3.5074532500170803	6.9544840094475076	2014-12-04 00:00:00.005000	2014-12-04 00:00:00.005000	-26.04	2379.7740253	交易	0		0	13.14	13.97	12.9	13.96
2014-12-05	13.96	14.05	15.23	13.52	14.53	441369720.0	6338168164.5	145469.0	0.5699999999999985	4.083094596862793	12.249283667621782	14.360224268443245	71.053697	14.53	4.486963868308376	8.896631330144565	2014-12-05 00:00:00.005000	2014-12-05 00:00:00.005000	-25.47	2481.0255435249996	交易	0		0	14.05	15.23	13.52	14.53
2014-12-08	14.529999999999998	14.21	15.5	14.0	15.23	392834253.0	5883664421.6	137538.0	0.7000000000000028	4.8176188468933105	10.323468685478323	14.977473009717409	71.053697	15.23	3.9935523883353645	7.918308312572364	2014-12-08 00:00:00.005000	2014-12-08 00:00:00.005000	-24.77	2605.369513275	交易	0		0	14.21	15.5	14.0	15.23
2014-12-09	15.23	14.96	15.53	13.71	13.71	404542011.0	6002900099.0	163968.0	-1.5199999999999996	-9.980301856994629	11.95009848982271	14.838755767692072	71.053697	13.71	4.112573437456946	8.154300048998122	2014-12-09 00:00:00.005000	2014-12-09 00:00:00.005000	-26.29	2335.365464675	交易	0		-1	14.96	15.53	13.71	13.71
2014-12-10	13.71	13.6	14.36	13.02	14.19	352784430.0	4800983038.8	130938.0	0.47999999999999865	3.501094102859497	9.773887673231215	13.608829161763177	71.053697	14.19	3.586405951708163	7.111029303789105	2014-12-10 00:00:00.005000	2014-12-10 00:00:00.005000	-25.810000000000002	2420.629901075	交易	0		0	13.6	14.36	13.02	14.19
2014-12-11	14.19	13.81	14.58	13.69	13.92	223799566.0	3153661815.8	87945.0	-0.2699999999999996	-1.902748465538025	6.272022551092323	14.091456351617769	71.053697	13.92	2.2751460303735738	4.511098383795691	2014-12-11 00:00:00.005000	2014-12-11 00:00:00.005000	-26.08	2372.6686555999995	交易	0		0	13.81	14.58	13.69	13.92
2014-12-12	13.92	13.9	14.2	13.68	13.94	164390907.0	2291244467.2	62235.0	0.019999999999999574	0.14367815852165222	3.7356321839080433	13.937781042840768	71.053697	13.94	1.671197697901529	3.313605866771018	2014-12-12 00:00:00.005000	2014-12-12 00:00:00.005000	-26.060000000000002	2376.22134045	交易	0		0	13.9	14.2	13.68	13.94
2014-12-15	13.94	13.75	13.75	13.27	13.58	180093658.0	2428185627.1000004	68784.0	-0.35999999999999943	-2.582496404647827	3.4433285509325713	13.48290469562232	71.053697	13.58	1.8308318394779906	3.6301241510703104	2014-12-15 00:00:00.005000	2014-12-15 00:00:00.005000	-26.42	2312.2730131499998	交易	0		0	13.75	13.75	13.27	13.58
2014-12-16	13.58	13.5	14.39	13.44	14.39	246907293.00000003	3433988618.5	98528.0	0.8100000000000005	5.964653968811035	6.995581737849788	13.908008049401763	71.053697	14.39	2.5100591461345143	4.976877794301304	2014-12-16 00:00:00.005000	2014-12-16 00:00:00.005000	-25.61	2456.156749575	交易	0		0	13.5	14.39	13.44	14.39
2014-12-17	14.39	14.4	15.67	14.2	15.36	440016616.0	6579202397.400001	165810.0	0.9699999999999989	6.740792274475098	10.215427380125092	14.952168073125677	71.053697	15.36	4.473208215206338	8.869356990982052	2014-12-17 00:00:00.005000	2014-12-17 00:00:00.005000	-24.64	2628.4619648	交易	0		0	14.4	15.67	14.2	15.36
2014-12-18	15.36	15.41	15.55	14.6	14.89	247025090.0	3714889569.3	94232.0	-0.46999999999999886	-3.0598957538604736	6.18489583333334	15.038511145973068	71.053697	14.89	2.5112566702483003	4.979252212919773	2014-12-18 00:00:00.005000	2014-12-18 00:00:00.005000	-25.11	2544.9738708249997	交易	0		0	15.41	15.55	14.6	14.89
2014-12-19	14.889999999999999	14.82	15.19	14.44	15.0	193540582.0	2880581194.3	86347.0	0.11000000000000121	0.7387508153915405	5.0369375419744795	14.883603038353993	71.053697	15.0	1.967533247376767	3.901172027559148	2014-12-19 00:00:00.005000	2014-12-19 00:00:00.005000	-25.0	2564.5136375	交易	0		0	14.82	15.19	14.44	15.0
2014-12-22	15.0	14.9	16.16	14.81	15.34	346739124.0	5383744726.099999	125776.0	0.33999999999999986	2.2666666507720947	8.999999999999996	15.526787585989286	71.053697	15.34	3.524949380571231	6.989174866742742	2014-12-22 00:00:00.005000	2014-12-22 00:00:00.005000	-24.66	2624.90927995	交易	0		0	14.9	16.16	14.81	15.34
2014-12-23	15.34	14.99	15.28	14.5	14.75	179785079.0	2688160567.7	74824.0	-0.5899999999999999	-3.846153736114502	5.084745762711861	14.952078240597485	71.053697	14.75	1.827694825857032	3.623904164798427	2014-12-23 00:00:00.005000	2014-12-23 00:00:00.005000	-25.25	2520.105076875	交易	0		0	14.99	15.28	14.5	14.75
2014-12-24	14.750000000000002	14.74	14.85	13.68	14.07	201027102.0	2854207876.0	85128.0	-0.6800000000000015	-4.610169410705566	7.932203389830507	14.198124768271295	71.053697	14.07	2.0436411977349564	4.0520768254364326	2014-12-24 00:00:00.005000	2014-12-24 00:00:00.005000	-25.93	2399.313791975	交易	0		0	14.74	14.85	13.68	14.07
2014-12-25	14.07	14.35	14.75	14.04	14.69	199727585.0	2887581453.0	73969.0	0.6199999999999992	4.406538963317871	5.046197583511022	14.457599599975136	71.053697	14.69	2.0304303099892986	4.025882632377028	2014-12-25 00:00:00.005000	2014-12-25 00:00:00.005000	-25.310000000000002	2509.447022325	交易	0		0	14.35	14.75	14.04	14.69
2014-12-26	14.69	14.61	15.18	14.52	15.1	243707335.0	3625690256.3	84404.0	0.41000000000000014	2.7910141944885254	4.492852280462901	14.877230741947098	71.053697	15.1	2.4775283782193425	4.91237666223917	2014-12-26 00:00:00.005000	2014-12-26 00:00:00.005000	-24.9	2582.27706175	交易	0		0	14.61	15.18	14.52	15.1
2014-12-29	15.1	15.61	16.05	14.75	14.92	258614817.0	3983923218.5	98877.0	-0.17999999999999972	-1.192052960395813	8.609271523178814	15.404852918771471	71.053697	14.92	2.629077816412469	5.212864814019873	2014-12-29 00:00:00.005000	2014-12-29 00:00:00.005000	-25.08	2550.3028980999998	交易	0		0	15.61	16.05	14.75	14.92
2014-12-30	14.92	14.93	15.59	14.87	15.5	236607838.0	3637484229.5	87112.0	0.5800000000000001	3.887399435043335	4.825737265415554	15.373473086297336	71.053697	15.5	2.405354903060775	4.769273036012914	2014-12-30 00:00:00.005000	2014-12-30 00:00:00.005000	-24.5	2653.3307587500003	交易	0		0	14.93	15.59	14.87	15.5
2014-12-31	15.500000000000002	15.61	15.88	15.3	15.84	240006571.0	3760218244.2999997	84127.0	0.3399999999999981	2.1935484409332275	3.741935483870968	15.667147064485995	71.053697	15.84	2.4399064173083485	4.837780849577008	2014-12-31 00:00:00.005000	2014-12-31 00:00:00.005000	-24.16	2713.7264011999996	交易	0		0	15.61	15.88	15.3	15.84
